model,sd_rmse_mean,sd_rmse_max,estocastico,n_seeds
MLPRegressor,0.019200913428658414,0.03393604974694305,True,5
SGDRegressor,0.015526843986453143,0.03285533733627507,True,5
BaggingRegressor,0.012536756631017287,0.024511170440501297,True,5
RandomForestRegressor,0.0052367015582953005,0.009684568077058175,True,5
ExtraTreesRegressor,0.004961684920349343,0.00885318914548896,True,5
BayesianRidge,1.4868156900327037e-07,3.3767361051283885e-07,True,5
LinearRegression,7.520002582215061e-08,2.4300336539761666e-07,True,5
LGBMRegressor,0.0,0.0,False,5
CatBoostRegressor,0.0,0.0,False,5
HistGradientBoostingRegressor,0.0,0.0,False,5
