arm,season,model,split,R2,RMSE,Bias,Bias_P90,RMSE_P90,fit_seconds,n_nonfinite
add_grp__grupo2,DJF,LSTM,test,0.3558024106514377,2.609112123510126,-0.241052050332412,-4.837599782498935,6.127738266214024,7.42,0
add_grp__grupo2,DJF,LSTM,val,0.47358712517550994,2.3035418491116184,-0.14617795604969125,-3.221112783959605,4.8362118750407275,7.42,0
add_grp__grupo2,JJA,LSTM,test,0.5981732208920248,2.5155627071297526,-0.10973184172687947,-3.702188406083024,5.512700950083041,15.83,0
add_grp__grupo2,JJA,LSTM,val,0.6488857972185176,2.4002881504924445,-0.18830437067842215,-3.4336070710844813,4.867812150388692,15.83,0
add_grp__grupo2,MAM,LSTM,test,0.6056731855561225,2.206340189258886,0.1026816214382616,-2.6985695467382884,4.708983548714646,10.84,0
add_grp__grupo2,MAM,LSTM,val,0.6912529923990491,1.851695313191189,0.2294255628258516,-1.9725695350917718,3.3739957766402804,10.84,0
add_grp__grupo2,SON,LSTM,test,0.5684999607110652,2.4289442101470518,-0.3947654903451235,-3.846242369368804,5.325760875563195,9.96,0
add_grp__grupo2,SON,LSTM,val,0.49872111699093935,2.5235951862377073,-0.20152341191366588,-3.7725144960714583,5.4067828426419915,9.96,0
add_grp__grupo3,DJF,LSTM,test,0.38503253089337297,2.5492314429414638,-0.17326172651504174,-4.649796032130727,6.084728368109306,7.4,0
add_grp__grupo3,DJF,LSTM,val,0.5048847402311689,2.2340146214874816,-0.1246464743423874,-3.0414809586891947,4.6682062111729525,7.4,0
add_grp__grupo3,JJA,LSTM,test,0.6798697127970594,2.2453243786840016,-0.3142544539692166,-3.4460512137168746,5.253971885026754,11.58,0
add_grp__grupo3,JJA,LSTM,val,0.733213450295302,2.0922864751569143,-0.18623705154398867,-2.8186299883926695,3.975184843537173,11.58,0
add_grp__grupo3,MAM,LSTM,test,0.6417708504935667,2.1029298309540816,0.10685578140541337,-2.209682317607834,4.393442746409416,9.28,0
add_grp__grupo3,MAM,LSTM,val,0.7102445396733439,1.7938410709838213,0.2953993474981361,-1.2418055849250311,2.8530603990805954,9.28,0
add_grp__grupo3,SON,LSTM,test,0.6352798654627319,2.2330939225424853,-0.1891150626946248,-3.415646080840635,4.849218778893276,7.78,0
add_grp__grupo3,SON,LSTM,val,0.5271130429986239,2.4510865860476985,-0.1483053818409973,-3.64426947692128,5.40185113023976,7.78,0
add_grp__grupo4,DJF,LSTM,test,0.30678672895064096,2.7065535821317983,-0.28278987435554515,-5.504234081422043,6.582906690627106,7.78,0
add_grp__grupo4,DJF,LSTM,val,0.4153534285803109,2.4276135836882076,-0.18027761133940595,-4.079923923807768,5.3061538049501005,7.78,0
add_grp__grupo4,JJA,LSTM,test,0.6127285597141268,2.4695819654387416,-0.15514228072298136,-3.7112736584532726,5.55813319557298,21.59,0
add_grp__grupo4,JJA,LSTM,val,0.6744331207587888,2.3113158142335353,-0.1721442752127347,-3.3637529038964886,4.856032737570969,21.59,0
add_grp__grupo4,MAM,LSTM,test,0.5392412418642143,2.384960113669458,-0.05908644784146219,-3.8148927499201646,5.401674738364486,10.57,0
add_grp__grupo4,MAM,LSTM,val,0.6318462147516958,2.0220076011257193,0.07609829187599956,-3.079856425392045,4.188709461446833,10.57,0
add_grp__grupo4,SON,LSTM,test,0.5410459755652763,2.5050229619354276,-0.3560226537658077,-4.584206879922178,5.794249768354061,10.27,0
add_grp__grupo4,SON,LSTM,val,0.4849747791991611,2.557962856428242,-0.3199918724397522,-4.4913910953395115,5.780941663611848,10.27,0
base,DJF,LSTM,test,0.37734602027132935,2.5651134582142285,-0.3106056833981157,-4.794339475997591,6.15508642856019,12.04,0
base,DJF,LSTM,val,0.5201238045830678,2.1993657560051494,-0.20135754145212595,-3.0621272695973816,4.624090219449465,12.04,0
base,JJA,LSTM,test,0.6872087659974552,2.219437891780902,-0.4598743182365522,-3.4575511072101524,5.195954228836902,10.66,0
base,JJA,LSTM,val,0.7489949885125333,2.029459452550017,-0.33685309997456503,-2.7878533840659285,4.013419483101002,10.66,0
base,MAM,LSTM,test,0.6448881102645949,2.093760138933614,-0.045562013153374284,-2.617594993797244,4.6515073282110375,9.34,0
base,MAM,LSTM,val,0.7422377245741445,1.6919122202572332,0.14216895777292965,-1.4784507197425505,3.0393019473916856,9.34,0
base,SON,LSTM,test,0.6316736537241554,2.2441067517001856,-0.39340220432432566,-3.7254509187737455,5.032270211623657,7.78,0
base,SON,LSTM,val,0.5472356850356194,2.398369433124636,-0.27506154616760364,-3.827981151638617,5.3660809026305305,7.78,0
ctrl__noise,DJF,LSTM,test,0.38154401904577195,2.5564517012223735,-0.2571025965529419,-4.717576861777918,6.093811638232906,7.56,0
ctrl__noise,DJF,LSTM,val,0.5232005366991124,2.1923037880616567,-0.16463671442875494,-2.980992712348676,4.628270257844826,7.56,0
ctrl__noise,JJA,LSTM,test,0.6928106955168891,2.1994736070094185,-0.39908746819586277,-3.3234891127256936,5.1192171080740065,10.73,0
ctrl__noise,JJA,LSTM,val,0.7504394391610769,2.0236115940346426,-0.2924588631583597,-2.7228617200766285,4.0009481819284565,10.73,0
ctrl__noise,MAM,LSTM,test,0.6409149326570907,2.1054405999531,-0.06450963419792825,-2.6980729645217543,4.679470639111347,10.43,0
ctrl__noise,MAM,LSTM,val,0.7413321120699501,1.6948817653749424,0.10960742309779842,-1.56020437795723,3.052272944640262,10.43,0
ctrl__noise,SON,LSTM,test,0.6289563170941832,2.2523695162468633,-0.4136053682554222,-3.804968828593892,5.073199316821268,7.39,0
ctrl__noise,SON,LSTM,val,0.5449667371076891,2.40437142420785,-0.29864982086065095,-3.8869889006938494,5.401963580011176,7.39,0
ctrl__perm_static,DJF,LSTM,test,0.36356822081044593,2.59333800008396,-0.21309701094080669,-4.655768248689033,6.122703514679901,7.65,0
ctrl__perm_static,DJF,LSTM,val,0.5157023616888391,2.2094746897167177,-0.10997037603601059,-3.0024779277234406,4.691264529434537,7.65,0
ctrl__perm_static,JJA,LSTM,test,0.6718459895977467,2.2732885668088856,-0.38110453246788256,-3.1961999634199936,5.1667277372424145,14.75,0
ctrl__perm_static,JJA,LSTM,val,0.7396561009499856,2.06686868290337,-0.2774812928374871,-2.5311432416253528,3.7847731896217565,14.75,0
ctrl__perm_static,MAM,LSTM,test,0.6068693760322426,2.202991180806902,0.041257771228075814,-2.488955982057641,4.789613816486243,15.98,0
ctrl__perm_static,MAM,LSTM,val,0.7258704844956149,1.7448015888625295,0.2033234605613002,-1.4986863471347787,3.1040186475392653,15.98,0
ctrl__perm_static,SON,LSTM,test,0.607595473401763,2.3162963573376945,-0.24089886324109053,-3.658316724577689,5.074236639974195,11.88,0
ctrl__perm_static,SON,LSTM,val,0.5479233035207781,2.396547525203983,-0.1373207921106277,-3.547999088878532,5.1285521152260545,11.88,0
drop_grp__grupo1,DJF,LSTM,test,0.27280811153448925,2.7720924375654117,-0.1300657655407573,-5.291978677134871,6.351410235517782,10.0,0
drop_grp__grupo1,DJF,LSTM,val,0.37702548747340014,2.5059245728683277,0.04213912880223881,-3.7280734459406757,5.066541078547476,10.0,0
drop_grp__grupo1,JJA,LSTM,test,0.4868818993266225,2.842656456902916,-0.10443020672144342,-5.08542193454917,6.348664838376518,11.9,0
drop_grp__grupo1,JJA,LSTM,val,0.5155145868860161,2.819548279224311,-0.3935438368261577,-5.124425807980014,5.950578467954551,11.9,0
drop_grp__grupo1,MAM,LSTM,test,0.45511483615297577,2.59356306203853,-0.0933286613287328,-4.362139558334368,5.666788203705894,11.85,0
drop_grp__grupo1,MAM,LSTM,val,0.5277662672392115,2.290058897776659,0.009297838098787991,-3.682358469299963,4.668240034328459,11.85,0
drop_grp__grupo1,SON,LSTM,test,0.479187207463181,2.668504512050931,-0.23082611456152477,-4.792157567317822,5.86104215315134,11.49,0
drop_grp__grupo1,SON,LSTM,val,0.40596993955895777,2.7471615335193302,-0.013236032919454856,-4.5295070778823785,5.696063900122262,11.49,0
drop_grp__grupo2,DJF,LSTM,test,0.32488128385161263,2.6709961937151485,-0.0967386889572755,-5.132768502306432,6.315925026583101,8.53,0
drop_grp__grupo2,DJF,LSTM,val,0.4149046210752919,2.4285451911180624,-0.0377777215348438,-3.802601225192089,5.112339383413278,8.53,0
drop_grp__grupo2,JJA,LSTM,test,0.6094263951068248,2.480088363803762,-0.34160830703263556,-4.30510075449755,5.834611224022065,10.44,0
drop_grp__grupo2,JJA,LSTM,val,0.6629078454286768,2.3518710430304326,-0.33191614310186374,-4.1143849544001325,5.134218438436575,10.44,0
drop_grp__grupo2,MAM,LSTM,test,0.5418095805468273,2.378303761471429,-0.006773720264322614,-3.773158361458258,5.336729665919531,8.8,0
drop_grp__grupo2,MAM,LSTM,val,0.616864005721467,2.062740644037295,0.1606082808761353,-3.0872502606929335,4.237263358575253,8.8,0
drop_grp__grupo2,SON,LSTM,test,0.5545840398741851,2.4678002688878027,-0.19248458102955368,-4.2860366086674695,5.564022226723396,12.24,0
drop_grp__grupo2,SON,LSTM,val,0.5068343769378689,2.5030895279618983,-0.15833920405643395,-4.2812987060879735,5.584603034744654,12.24,0
drop_grp__grupo3,DJF,LSTM,test,0.30670481145520856,2.7067134950693608,-0.16166408562125467,-5.226444643018165,6.352143987943292,8.52,0
drop_grp__grupo3,DJF,LSTM,val,0.4014996476993937,2.456207541749503,-0.044860188950632304,-3.84440439504006,5.14964744708565,8.52,0
drop_grp__grupo3,JJA,LSTM,test,0.5714884350379631,2.597747785987294,-0.08373725626323403,-4.383995493446731,5.897710454246703,15.84,0
drop_grp__grupo3,JJA,LSTM,val,0.6053692972470527,2.54468844610445,-0.22446580324210919,-4.462633398901304,5.39335240512447,15.84,0
drop_grp__grupo3,MAM,LSTM,test,0.5234938824648921,2.425373125444584,-0.09149431558937485,-3.9292220785315135,5.508753851486215,14.73,0
drop_grp__grupo3,MAM,LSTM,val,0.609711191865562,2.081906387462765,0.020705666350644598,-3.3861774017806097,4.456084705847422,14.73,0
drop_grp__grupo3,SON,LSTM,test,0.5277127805449033,2.541149502979624,-0.2403578144397241,-4.4639653904552254,5.703442060163405,9.89,0
drop_grp__grupo3,SON,LSTM,val,0.47870174857722814,2.5734937597711878,-0.02505927929818336,-4.192236909046685,5.515743929341083,9.89,0
drop_grp__grupo4,DJF,LSTM,test,0.3494503386896539,2.6219440663012947,-0.1691963053692629,-4.789419084735236,6.12705909939755,7.84,0
drop_grp__grupo4,DJF,LSTM,val,0.4608056000162103,2.331339606426776,-0.06461617468264386,-3.283712121347843,4.811275415703687,7.84,0
drop_grp__grupo4,JJA,LSTM,test,0.5814267509079752,2.5674467461441255,-0.12296812267184323,-3.92211927685393,5.685505409679478,14.53,0
drop_grp__grupo4,JJA,LSTM,val,0.6449966783071197,2.413544946044506,-0.17074064364601077,-3.734995064877141,4.87005509592733,14.53,0
drop_grp__grupo4,MAM,LSTM,test,0.6111038489842002,2.1910946737556536,-0.052281350428522645,-3.041873266117316,4.7252358359088955,11.85,0
drop_grp__grupo4,MAM,LSTM,val,0.6534610135830597,1.9617524298204412,0.17219633448295937,-2.3334180105273528,3.720470254090345,11.85,0
drop_grp__grupo4,SON,LSTM,test,0.5835483643028738,2.3862140913027488,-0.2878093398769647,-3.8559585686310895,5.266913057683751,10.24,0
drop_grp__grupo4,SON,LSTM,val,0.5098180608693372,2.495506113716375,-0.06503985756361008,-3.6620393875188677,5.355902240910491,10.24,0
full,DJF,LSTM,test,0.30680206560575385,2.70652364206129,-0.19438523833457416,-5.322182016992873,6.424554465369684,8.29,0
full,DJF,LSTM,val,0.3976115866012334,2.464172804683844,-0.08948580601186147,-3.9127160944434696,5.18029601719558,8.29,0
full,JJA,LSTM,test,0.5636360745420519,2.6214412533671867,-0.0806457208762323,-4.5478872294784525,5.952789037476067,13.18,0
full,JJA,LSTM,val,0.6067546966040164,2.540217798926122,-0.21978260264646843,-4.4879334525865655,5.3217043607763905,13.18,0
full,MAM,LSTM,test,0.5214022377121879,2.430690438181224,-0.1031475058163835,-3.9057806922418257,5.432820391372589,10.27,0
full,MAM,LSTM,val,0.5881868496758933,2.1385443150037573,0.06965261998953735,-3.3183457444311517,4.46608120915632,10.27,0
full,SON,LSTM,test,0.5271359078458805,2.5427009661044364,-0.2016273272234875,-4.520168308089972,5.730585473435146,10.66,0
full,SON,LSTM,val,0.4648399159387172,2.607485139902397,0.010105836991840155,-4.272748446023276,5.583630137118935,10.66,0
