arm,season,rule,model,test_R2,test_RMSE,test_Bias_P90,test_RMSE_P90
add_grp__grupo2,DJF,r2,ExtraTreesRegressor,0.40844407174913633,2.5003016460177676,-4.177396501457728,5.6852977918933405
add_grp__grupo2,DJF,rmse_p90,ExtraTreesRegressor,0.40844407174913633,2.5003016460177676,-4.177396501457728,5.6852977918933405
add_grp__grupo2,DJF,r2_slack_then_rmse_p90,ExtraTreesRegressor,0.40844407174913633,2.5003016460177676,-4.177396501457728,5.6852977918933405
add_grp__grupo2,JJA,r2,CatBoostRegressor,0.7010330613194025,2.169837906026991,-2.764051837389897,4.872578424785096
add_grp__grupo2,JJA,rmse_p90,CatBoostRegressor,0.7010330613194025,2.169837906026991,-2.764051837389897,4.872578424785096
add_grp__grupo2,JJA,r2_slack_then_rmse_p90,CatBoostRegressor,0.7010330613194025,2.169837906026991,-2.764051837389897,4.872578424785096
add_grp__grupo2,MAM,r2,ExtraTreesRegressor,0.6387086311761558,2.1118884709238936,-2.8845568862275455,4.64748211980339
add_grp__grupo2,MAM,rmse_p90,ExtraTreesRegressor,0.6387086311761558,2.1118884709238936,-2.8845568862275455,4.64748211980339
add_grp__grupo2,MAM,r2_slack_then_rmse_p90,ExtraTreesRegressor,0.6387086311761558,2.1118884709238936,-2.8845568862275455,4.64748211980339
add_grp__grupo2,SON,r2,CatBoostRegressor,0.6431865077931911,2.20875605930205,-2.9489476126751577,4.60956137481102
add_grp__grupo2,SON,rmse_p90,CatBoostRegressor,0.6431865077931911,2.20875605930205,-2.9489476126751577,4.60956137481102
add_grp__grupo2,SON,r2_slack_then_rmse_p90,CatBoostRegressor,0.6431865077931911,2.20875605930205,-2.9489476126751577,4.60956137481102
add_grp__grupo3,DJF,r2,ExtraTreesRegressor,0.38516214309916397,2.549029146379035,-4.32494752186589,5.856619959984184
add_grp__grupo3,DJF,rmse_p90,HistGradientBoostingRegressor,0.3865669856515743,2.5461153436101545,-4.129580770864899,5.6803015336988665
add_grp__grupo3,DJF,r2_slack_then_rmse_p90,HistGradientBoostingRegressor,0.3865669856515743,2.5461153436101545,-4.129580770864899,5.6803015336988665
add_grp__grupo3,JJA,r2,CatBoostRegressor,0.7042614209740234,2.1580907364299207,-2.7528149039440715,4.874746525614803
add_grp__grupo3,JJA,rmse_p90,CatBoostRegressor,0.7042614209740234,2.1580907364299207,-2.7528149039440715,4.874746525614803
add_grp__grupo3,JJA,r2_slack_then_rmse_p90,CatBoostRegressor,0.7042614209740234,2.1580907364299207,-2.7528149039440715,4.874746525614803
add_grp__grupo3,MAM,r2,ExtraTreesRegressor,0.6434603083898793,2.097954805603442,-2.8223562874251495,4.661698333257892
add_grp__grupo3,MAM,rmse_p90,ExtraTreesRegressor,0.6434603083898793,2.097954805603442,-2.8223562874251495,4.661698333257892
add_grp__grupo3,MAM,r2_slack_then_rmse_p90,ExtraTreesRegressor,0.6434603083898793,2.097954805603442,-2.8223562874251495,4.661698333257892
add_grp__grupo3,SON,r2,CatBoostRegressor,0.6412449727966618,2.2147571768256147,-2.917979014380858,4.594242591417708
add_grp__grupo3,SON,rmse_p90,ExtraTreesRegressor,0.6353020460466381,2.233026018311928,-3.1523408450704236,4.77758126942028
add_grp__grupo3,SON,r2_slack_then_rmse_p90,ExtraTreesRegressor,0.6353020460466381,2.233026018311928,-3.1523408450704236,4.77758126942028
add_grp__grupo4,DJF,r2,ExtraTreesRegressor,0.377620105078873,2.5646155948066385,-4.317527696793004,5.833545542107025
add_grp__grupo4,DJF,rmse_p90,MLPRegressor,0.35931711019471557,2.6020525562971257,-3.8211145537240165,5.694700931977561
add_grp__grupo4,DJF,r2_slack_then_rmse_p90,MLPRegressor,0.35931711019471557,2.6020525562971257,-3.8211145537240165,5.694700931977561
add_grp__grupo4,JJA,r2,CatBoostRegressor,0.7062334459178319,2.150883480772586,-2.774535799899406,4.8691365869783745
add_grp__grupo4,JJA,rmse_p90,LinearRegression,0.693515856821165,2.196947681205622,-2.5005893715520418,4.802874641622519
add_grp__grupo4,JJA,r2_slack_then_rmse_p90,LinearRegression,0.693515856821165,2.196947681205622,-2.5005893715520418,4.802874641622519
add_grp__grupo4,MAM,r2,ExtraTreesRegressor,0.6392881354496125,2.1101940773529435,-2.7415898203592817,4.646726277585371
add_grp__grupo4,MAM,rmse_p90,CatBoostRegressor,0.6380420497163655,2.113835786993379,-2.5953069872391827,4.595251209060768
add_grp__grupo4,MAM,r2_slack_then_rmse_p90,CatBoostRegressor,0.6380420497163655,2.113835786993379,-2.5953069872391827,4.595251209060768
add_grp__grupo4,SON,r2,CatBoostRegressor,0.6361826547414157,2.2303284289996927,-2.9799026129889707,4.682991412740299
add_grp__grupo4,SON,rmse_p90,CatBoostRegressor,0.6361826547414157,2.2303284289996927,-2.9799026129889707,4.682991412740299
add_grp__grupo4,SON,r2_slack_then_rmse_p90,CatBoostRegressor,0.6361826547414157,2.2303284289996927,-2.9799026129889707,4.682991412740299
base,DJF,r2,ExtraTreesRegressor,0.3731829411023456,2.573741379299507,-4.353314868804666,5.860697558707118
base,DJF,rmse_p90,MLPRegressor,0.35773526180411475,2.6052628146076207,-4.146106690498552,5.8399894852145
base,DJF,r2_slack_then_rmse_p90,MLPRegressor,0.35773526180411475,2.6052628146076207,-4.146106690498552,5.8399894852145
base,JJA,r2,CatBoostRegressor,0.7088473627169176,2.1412928842543404,-2.8019965352699034,4.859630736910761
base,JJA,rmse_p90,CatBoostRegressor,0.7088473627169176,2.1412928842543404,-2.8019965352699034,4.859630736910761
base,JJA,r2_slack_then_rmse_p90,CatBoostRegressor,0.7088473627169176,2.1412928842543404,-2.8019965352699034,4.859630736910761
base,MAM,r2,ExtraTreesRegressor,0.6390039929154216,2.11102504234007,-2.8158922155688626,4.684028419377165
base,MAM,rmse_p90,MLPRegressor,0.6215020010218093,2.1615932723534232,-2.384602654051638,4.497161838621247
base,MAM,r2_slack_then_rmse_p90,MLPRegressor,0.6215020010218093,2.1615932723534232,-2.384602654051638,4.497161838621247
base,SON,r2,CatBoostRegressor,0.6389774794014487,2.2217452837878624,-2.9373499821715203,4.668379743853812
base,SON,rmse_p90,CatBoostRegressor,0.6389774794014487,2.2217452837878624,-2.9373499821715203,4.668379743853812
base,SON,r2_slack_then_rmse_p90,CatBoostRegressor,0.6389774794014487,2.2217452837878624,-2.9373499821715203,4.668379743853812
ctrl__noise,DJF,r2,MLPRegressor,0.3601818345002026,2.600295979167232,-4.181218354315093,5.739720104116533
ctrl__noise,DJF,rmse_p90,MLPRegressor,0.3601818345002026,2.600295979167232,-4.181218354315093,5.739720104116533
ctrl__noise,DJF,r2_slack_then_rmse_p90,MLPRegressor,0.3601818345002026,2.600295979167232,-4.181218354315093,5.739720104116533
ctrl__noise,JJA,r2,CatBoostRegressor,0.7063582791692156,2.1504264336634265,-2.819930695757112,4.8801062720164055
ctrl__noise,JJA,rmse_p90,CatBoostRegressor,0.7063582791692156,2.1504264336634265,-2.819930695757112,4.8801062720164055
ctrl__noise,JJA,r2_slack_then_rmse_p90,CatBoostRegressor,0.7063582791692156,2.1504264336634265,-2.819930695757112,4.8801062720164055
ctrl__noise,MAM,r2,ExtraTreesRegressor,0.6401077735265308,2.107795238786243,-2.795083832335329,4.651672989881213
ctrl__noise,MAM,rmse_p90,ExtraTreesRegressor,0.6401077735265308,2.107795238786243,-2.795083832335329,4.651672989881213
ctrl__noise,MAM,r2_slack_then_rmse_p90,ExtraTreesRegressor,0.6401077735265308,2.107795238786243,-2.795083832335329,4.651672989881213
ctrl__noise,SON,r2,CatBoostRegressor,0.6326777183725074,2.241045925395327,-2.994110429524701,4.642172093149273
ctrl__noise,SON,rmse_p90,LGBMRegressor,0.6183963859919286,2.2841959619837313,-3.0090226213843807,4.728168634652471
ctrl__noise,SON,r2_slack_then_rmse_p90,LGBMRegressor,0.6183963859919286,2.2841959619837313,-3.0090226213843807,4.728168634652471
ctrl__perm_static,DJF,r2,ExtraTreesRegressor,0.376363135679913,2.5672040599537906,-4.260997084548106,5.82975740785175
ctrl__perm_static,DJF,rmse_p90,MLPRegressor,0.35192337242060046,2.6170238521050235,-3.6806103297642303,5.713166800091463
ctrl__perm_static,DJF,r2_slack_then_rmse_p90,MLPRegressor,0.35192337242060046,2.6170238521050235,-3.6806103297642303,5.713166800091463
ctrl__perm_static,JJA,r2,CatBoostRegressor,0.7070144604830312,2.148022383540666,-2.7628772743799894,4.866748433924992
ctrl__perm_static,JJA,rmse_p90,LinearRegression,0.6935157623407463,2.1969480198341045,-2.5005912541656055,4.802875805187441
ctrl__perm_static,JJA,r2_slack_then_rmse_p90,LinearRegression,0.6935157623407463,2.1969480198341045,-2.5005912541656055,4.802875805187441
ctrl__perm_static,MAM,r2,ExtraTreesRegressor,0.6419419637042931,2.1024171901354944,-2.7610329341317366,4.635594158314423
ctrl__perm_static,MAM,rmse_p90,ExtraTreesRegressor,0.6419419637042931,2.1024171901354944,-2.7610329341317366,4.635594158314423
ctrl__perm_static,MAM,r2_slack_then_rmse_p90,ExtraTreesRegressor,0.6419419637042931,2.1024171901354944,-2.7610329341317366,4.635594158314423
ctrl__perm_static,SON,r2,CatBoostRegressor,0.6312393159029822,2.2454295097238557,-2.954345365607756,4.680222508677483
ctrl__perm_static,SON,rmse_p90,CatBoostRegressor,0.6312393159029822,2.2454295097238557,-2.954345365607756,4.680222508677483
ctrl__perm_static,SON,r2_slack_then_rmse_p90,CatBoostRegressor,0.6312393159029822,2.2454295097238557,-2.954345365607756,4.680222508677483
drop_grp__grupo1,DJF,r2,ExtraTreesRegressor,0.3484813865455423,2.6239642586692735,-4.463897959183674,5.792975721627898
drop_grp__grupo1,DJF,rmse_p90,ExtraTreesRegressor,0.3484813865455423,2.6239642586692735,-4.463897959183674,5.792975721627898
drop_grp__grupo1,DJF,r2_slack_then_rmse_p90,ExtraTreesRegressor,0.3484813865455423,2.6239642586692735,-4.463897959183674,5.792975721627898
drop_grp__grupo1,JJA,r2,CatBoostRegressor,0.6179574434994197,2.4528533348001584,-3.1439753748717787,5.170685510467025
drop_grp__grupo1,JJA,rmse_p90,CatBoostRegressor,0.6179574434994197,2.4528533348001584,-3.1439753748717787,5.170685510467025
drop_grp__grupo1,JJA,r2_slack_then_rmse_p90,CatBoostRegressor,0.6179574434994197,2.4528533348001584,-3.1439753748717787,5.170685510467025
drop_grp__grupo1,MAM,r2,CatBoostRegressor,0.5704330138860816,2.302807495897102,-3.2954756205216413,4.840313543782703
drop_grp__grupo1,MAM,rmse_p90,MLPRegressor,0.49656176879419855,2.4929598409752747,-3.2608103298141566,4.98269821410234
drop_grp__grupo1,MAM,r2_slack_then_rmse_p90,MLPRegressor,0.49656176879419855,2.4929598409752747,-3.2608103298141566,4.98269821410234
drop_grp__grupo1,SON,r2,CatBoostRegressor,0.5905696922608747,2.366012930798454,-3.259767161584227,4.7243602939227545
drop_grp__grupo1,SON,rmse_p90,CatBoostRegressor,0.5905696922608747,2.366012930798454,-3.259767161584227,4.7243602939227545
drop_grp__grupo1,SON,r2_slack_then_rmse_p90,CatBoostRegressor,0.5905696922608747,2.366012930798454,-3.259767161584227,4.7243602939227545
drop_grp__grupo2,DJF,r2,ExtraTreesRegressor,0.39538245436251274,2.5277543957445805,-4.270451895043733,5.782915010650613
drop_grp__grupo2,DJF,rmse_p90,RandomForestRegressor,0.3851676754303879,2.54901767822926,-4.256346938775511,5.83408296210693
drop_grp__grupo2,DJF,r2_slack_then_rmse_p90,RandomForestRegressor,0.3851676754303879,2.54901767822926,-4.256346938775511,5.83408296210693
drop_grp__grupo2,JJA,r2,CatBoostRegressor,0.7053503613485277,2.154113914399494,-2.7437400624984494,4.872142427851404
drop_grp__grupo2,JJA,rmse_p90,CatBoostRegressor,0.7053503613485277,2.154113914399494,-2.7437400624984494,4.872142427851404
drop_grp__grupo2,JJA,r2_slack_then_rmse_p90,CatBoostRegressor,0.7053503613485277,2.154113914399494,-2.7437400624984494,4.872142427851404
drop_grp__grupo2,MAM,r2,ExtraTreesRegressor,0.6470319660204682,2.087420162633043,-2.745449101796407,4.632956931393138
drop_grp__grupo2,MAM,rmse_p90,ExtraTreesRegressor,0.6470319660204682,2.087420162633043,-2.745449101796407,4.632956931393138
drop_grp__grupo2,MAM,r2_slack_then_rmse_p90,ExtraTreesRegressor,0.6470319660204682,2.087420162633043,-2.745449101796407,4.632956931393138
drop_grp__grupo2,SON,r2,ExtraTreesRegressor,0.6432424250614626,2.2085829822646077,-3.1056591549295782,4.743154917544965
drop_grp__grupo2,SON,rmse_p90,HistGradientBoostingRegressor,0.6258013967484708,2.261925001555159,-2.7961765684378284,4.612233950014116
drop_grp__grupo2,SON,r2_slack_then_rmse_p90,HistGradientBoostingRegressor,0.6258013967484708,2.261925001555159,-2.7961765684378284,4.612233950014116
drop_grp__grupo3,DJF,r2,ExtraTreesRegressor,0.40648590773715,2.5044364669912023,-4.089586005830905,5.668871903552958
drop_grp__grupo3,DJF,rmse_p90,ExtraTreesRegressor,0.40648590773715,2.5044364669912023,-4.089586005830905,5.668871903552958
drop_grp__grupo3,DJF,r2_slack_then_rmse_p90,ExtraTreesRegressor,0.40648590773715,2.5044364669912023,-4.089586005830905,5.668871903552958
drop_grp__grupo3,JJA,r2,CatBoostRegressor,0.7053673197134407,2.1540519242073026,-2.690851548466081,4.839875191315008
drop_grp__grupo3,JJA,rmse_p90,LinearRegression,0.6903500305103908,2.2082652098395634,-2.498717524613702,4.805308014551065
drop_grp__grupo3,JJA,r2_slack_then_rmse_p90,LinearRegression,0.6903500305103908,2.2082652098395634,-2.498717524613702,4.805308014551065
drop_grp__grupo3,MAM,r2,ExtraTreesRegressor,0.6423900354685995,2.1011013019516986,-2.8299640718562875,4.636360679810557
drop_grp__grupo3,MAM,rmse_p90,ExtraTreesRegressor,0.6423900354685995,2.1011013019516986,-2.8299640718562875,4.636360679810557
drop_grp__grupo3,MAM,r2_slack_then_rmse_p90,ExtraTreesRegressor,0.6423900354685995,2.1011013019516986,-2.8299640718562875,4.636360679810557
drop_grp__grupo3,SON,r2,ExtraTreesRegressor,0.6358870736686786,2.2312342530802964,-2.9804845070422545,4.716796420584573
drop_grp__grupo3,SON,rmse_p90,ExtraTreesRegressor,0.6358870736686786,2.2312342530802964,-2.9804845070422545,4.716796420584573
drop_grp__grupo3,SON,r2_slack_then_rmse_p90,ExtraTreesRegressor,0.6358870736686786,2.2312342530802964,-2.9804845070422545,4.716796420584573
drop_grp__grupo4,DJF,r2,ExtraTreesRegressor,0.41293339951325303,2.4907961619941528,-4.158793002915453,5.637560390321239
drop_grp__grupo4,DJF,rmse_p90,RandomForestRegressor,0.3982176868247497,2.521820733289913,-4.205294460641401,5.755600522629528
drop_grp__grupo4,DJF,r2_slack_then_rmse_p90,RandomForestRegressor,0.3982176868247497,2.521820733289913,-4.205294460641401,5.755600522629528
drop_grp__grupo4,JJA,r2,CatBoostRegressor,0.7012968224814273,2.168880533856202,-2.753946802400869,4.878739300422069
drop_grp__grupo4,JJA,rmse_p90,CatBoostRegressor,0.7012968224814273,2.168880533856202,-2.753946802400869,4.878739300422069
drop_grp__grupo4,JJA,r2_slack_then_rmse_p90,CatBoostRegressor,0.7012968224814273,2.168880533856202,-2.753946802400869,4.878739300422069
drop_grp__grupo4,MAM,r2,ExtraTreesRegressor,0.6404274077910148,2.106859023458781,-2.9084970059880244,4.6829524318576965
drop_grp__grupo4,MAM,rmse_p90,RandomForestRegressor,0.6351240013779266,2.122339389338971,-2.8831766467065867,4.652834851216473
drop_grp__grupo4,MAM,r2_slack_then_rmse_p90,RandomForestRegressor,0.6351240013779266,2.122339389338971,-2.8831766467065867,4.652834851216473
drop_grp__grupo4,SON,r2,ExtraTreesRegressor,0.6350179111202903,2.2338957204093144,-3.1750563380281696,4.7732065122358485
drop_grp__grupo4,SON,rmse_p90,ExtraTreesRegressor,0.6350179111202903,2.2338957204093144,-3.1750563380281696,4.7732065122358485
drop_grp__grupo4,SON,r2_slack_then_rmse_p90,ExtraTreesRegressor,0.6350179111202903,2.2338957204093144,-3.1750563380281696,4.7732065122358485
full,DJF,r2,ExtraTreesRegressor,0.4180995031634417,2.479812616948984,-4.043288629737611,5.572175664195546
full,DJF,rmse_p90,ExtraTreesRegressor,0.4180995031634417,2.479812616948984,-4.043288629737611,5.572175664195546
full,DJF,r2_slack_then_rmse_p90,ExtraTreesRegressor,0.4180995031634417,2.479812616948984,-4.043288629737611,5.572175664195546
full,JJA,r2,CatBoostRegressor,0.7036593521280725,2.1602863555854017,-2.755429878033987,4.862487296849697
full,JJA,rmse_p90,LGBMRegressor,0.689965053071196,2.2096375145354528,-2.700586706803507,4.901060770225329
full,JJA,r2_slack_then_rmse_p90,LGBMRegressor,0.689965053071196,2.2096375145354528,-2.700586706803507,4.901060770225329
full,MAM,r2,ExtraTreesRegressor,0.645416574709438,2.092191346994182,-2.823814371257485,4.656976903554443
full,MAM,rmse_p90,RandomForestRegressor,0.6400855834670158,2.107860218490461,-2.812497005988024,4.627026874204512
full,MAM,r2_slack_then_rmse_p90,RandomForestRegressor,0.6400855834670158,2.107860218490461,-2.812497005988024,4.627026874204512
full,SON,r2,ExtraTreesRegressor,0.6462906420069767,2.1991274265115717,-2.9967549295774654,4.687478436232091
full,SON,rmse_p90,ExtraTreesRegressor,0.6462906420069767,2.1991274265115717,-2.9967549295774654,4.687478436232091
full,SON,r2_slack_then_rmse_p90,ExtraTreesRegressor,0.6462906420069767,2.1991274265115717,-2.9967549295774654,4.687478436232091
