arm,season,model,val_R2,test_R2,test_RMSE,test_Bias_P90,test_RMSE_P90
ctrl__perm_static,JJA,CatBoostRegressor,0.7758992554707194,0.7070144604830312,2.148022383540666,-2.7628772743799894,4.866748433924992
add_grp__grupo3,JJA,CatBoostRegressor,0.773762381066867,0.7042614209740234,2.1580907364299207,-2.7528149039440715,4.874746525614803
base,JJA,CatBoostRegressor,0.7715512354502022,0.7088473627169176,2.1412928842543404,-2.8019965352699034,4.859630736910761
add_grp__grupo4,JJA,CatBoostRegressor,0.7708070978114567,0.7062334459178319,2.150883480772586,-2.774535799899406,4.8691365869783745
full,JJA,CatBoostRegressor,0.7697782097111312,0.7036593521280725,2.1602863555854017,-2.755429878033987,4.862487296849697
ctrl__noise,JJA,CatBoostRegressor,0.7695257244711777,0.7063582791692156,2.1504264336634265,-2.819930695757112,4.8801062720164055
drop_grp__grupo2,JJA,CatBoostRegressor,0.7689768424952479,0.7053503613485277,2.154113914399494,-2.7437400624984494,4.872142427851404
drop_grp__grupo3,JJA,CatBoostRegressor,0.7684825433382166,0.7053673197134407,2.1540519242073026,-2.690851548466081,4.839875191315008
add_grp__grupo2,JJA,CatBoostRegressor,0.7677343523977938,0.7010330613194025,2.169837906026991,-2.764051837389897,4.872578424785096
drop_grp__grupo4,JJA,CatBoostRegressor,0.7662019129835702,0.7012968224814273,2.168880533856202,-2.753946802400869,4.878739300422069
drop_grp__grupo2,MAM,ExtraTreesRegressor,0.7515942323548629,0.6470319660204682,2.087420162633043,-2.745449101796407,4.632956931393138
base,MAM,ExtraTreesRegressor,0.7507997413111805,0.6390039929154216,2.11102504234007,-2.8158922155688626,4.684028419377165
full,MAM,ExtraTreesRegressor,0.7490831133116435,0.645416574709438,2.092191346994182,-2.823814371257485,4.656976903554443
add_grp__grupo3,MAM,ExtraTreesRegressor,0.7471273953208404,0.6434603083898793,2.097954805603442,-2.8223562874251495,4.661698333257892
ctrl__perm_static,MAM,ExtraTreesRegressor,0.7470550088793477,0.6419419637042931,2.1024171901354944,-2.7610329341317366,4.635594158314423
ctrl__noise,MAM,ExtraTreesRegressor,0.7462457167991855,0.6401077735265308,2.107795238786243,-2.795083832335329,4.651672989881213
add_grp__grupo4,MAM,ExtraTreesRegressor,0.7462000077747921,0.6392881354496125,2.1101940773529435,-2.7415898203592817,4.646726277585371
drop_grp__grupo3,MAM,ExtraTreesRegressor,0.746157785108937,0.6423900354685995,2.1011013019516986,-2.8299640718562875,4.636360679810557
add_grp__grupo2,MAM,ExtraTreesRegressor,0.745199600881651,0.6387086311761558,2.1118884709238936,-2.8845568862275455,4.64748211980339
drop_grp__grupo4,MAM,ExtraTreesRegressor,0.744667264073224,0.6404274077910148,2.106859023458781,-2.9084970059880244,4.6829524318576965
drop_grp__grupo1,JJA,CatBoostRegressor,0.6835038169517982,0.6179574434994197,2.4528533348001584,-3.1439753748717787,5.170685510467025
drop_grp__grupo1,MAM,CatBoostRegressor,0.6365465465744631,0.5704330138860816,2.302807495897102,-3.2954756205216413,4.840313543782703
full,SON,ExtraTreesRegressor,0.583821120606391,0.6462906420069767,2.1991274265115717,-2.9967549295774654,4.687478436232091
base,SON,CatBoostRegressor,0.5807201579580848,0.6389774794014487,2.2217452837878624,-2.9373499821715203,4.668379743853812
add_grp__grupo2,SON,CatBoostRegressor,0.5790178266139276,0.6431865077931911,2.20875605930205,-2.9489476126751577,4.60956137481102
ctrl__perm_static,SON,CatBoostRegressor,0.5785043313559167,0.6312393159029822,2.2454295097238557,-2.954345365607756,4.680222508677483
drop_grp__grupo3,SON,ExtraTreesRegressor,0.5761709240893138,0.6358870736686786,2.2312342530802964,-2.9804845070422545,4.716796420584573
ctrl__noise,SON,CatBoostRegressor,0.5759940449398828,0.6326777183725074,2.241045925395327,-2.994110429524701,4.642172093149273
drop_grp__grupo4,SON,ExtraTreesRegressor,0.5735101031461014,0.6350179111202903,2.2338957204093144,-3.1750563380281696,4.7732065122358485
add_grp__grupo4,SON,CatBoostRegressor,0.5732084885123387,0.6361826547414157,2.2303284289996927,-2.9799026129889707,4.682991412740299
add_grp__grupo3,SON,CatBoostRegressor,0.5648781690985456,0.6412449727966618,2.2147571768256147,-2.917979014380858,4.594242591417708
drop_grp__grupo2,SON,ExtraTreesRegressor,0.5641910423933487,0.6432424250614626,2.2085829822646077,-3.1056591549295782,4.743154917544965
full,DJF,ExtraTreesRegressor,0.5410313629737662,0.4180995031634417,2.479812616948984,-4.043288629737611,5.572175664195546
drop_grp__grupo3,DJF,ExtraTreesRegressor,0.5320083197553447,0.40648590773715,2.5044364669912023,-4.089586005830905,5.668871903552958
add_grp__grupo2,DJF,ExtraTreesRegressor,0.5257779185296396,0.40844407174913633,2.5003016460177676,-4.177396501457728,5.6852977918933405
drop_grp__grupo4,DJF,ExtraTreesRegressor,0.5256304709839509,0.41293339951325303,2.4907961619941528,-4.158793002915453,5.637560390321239
drop_grp__grupo2,DJF,ExtraTreesRegressor,0.5249436140106923,0.39538245436251274,2.5277543957445805,-4.270451895043733,5.782915010650613
add_grp__grupo3,DJF,ExtraTreesRegressor,0.5146519953216884,0.38516214309916397,2.549029146379035,-4.32494752186589,5.856619959984184
ctrl__perm_static,DJF,ExtraTreesRegressor,0.51119097172056,0.376363135679913,2.5672040599537906,-4.260997084548106,5.82975740785175
add_grp__grupo4,DJF,ExtraTreesRegressor,0.5026603710092535,0.377620105078873,2.5646155948066385,-4.317527696793004,5.833545542107025
drop_grp__grupo1,SON,CatBoostRegressor,0.4981361008474462,0.5905696922608747,2.366012930798454,-3.259767161584227,4.7243602939227545
ctrl__noise,DJF,MLPRegressor,0.4968096540013638,0.3601818345002026,2.600295979167232,-4.181218354315093,5.739720104116533
base,DJF,ExtraTreesRegressor,0.4930494003111823,0.3731829411023456,2.573741379299507,-4.353314868804666,5.860697558707118
drop_grp__grupo1,DJF,ExtraTreesRegressor,0.46402221583280034,0.3484813865455423,2.6239642586692735,-4.463897959183674,5.792975721627898
