comparison,worse,better,family,metric,effect,se_boot,se_rep,se,ci_lo,ci_hi,z,p,n_replicates,n_models,n_blocos,axis,q_bh,sesoi,verdict
add_grp__grupo2,base,add_grp__grupo2,bagging,rmse,0.030954890004679214,0.012062156910357558,0.0,0.012062156910357558,0.007313062460378401,0.05459671754898003,2.566281489681071,0.010279536961092415,1,2,97,features,,0.022972508982103595,
add_grp__grupo2,base,add_grp__grupo2,boosting,rmse,-0.00124809973878189,0.007352423612200622,0.0,0.007352423612200622,-0.01565885001869511,0.013162650541131329,-0.16975351321036392,0.8652039872944501,1,3,97,features,,0.022972508982103595,
add_grp__grupo2,base,add_grp__grupo2,other,rmse,-0.031390264055634276,0.007411235305605715,0.0,0.007411235305605715,-0.04591628525462148,-0.016864242856647074,-4.235496885639468,2.2804686443769825e-05,1,4,97,features,,0.022972508982103595,
add_grp__grupo2,base,add_grp__grupo2,all,rmse,-0.00748839726994715,0.006327137009874523,0.0,0.006327137009874523,-0.019889585809301214,0.004912791269406916,-1.1835364491491636,0.23659660988619347,1,9,97,features,0.30256157452015614,0.022972508982103595,sem informação
add_grp__grupo2,base,add_grp__grupo2,bagging,rmse_p90,0.07451214255990957,0.0460976213814656,0.0,0.0460976213814656,-0.015839195347763013,0.16486348046758215,1.616398858051894,0.10600810511154402,1,2,97,features,,0.022972508982103595,
add_grp__grupo2,base,add_grp__grupo2,boosting,rmse_p90,0.013912795262420138,0.02350275030230477,0.0,0.02350275030230477,-0.03215259533009721,0.05997818585493749,0.5919645608903821,0.5538743198908292,1,3,97,features,,0.022972508982103595,
add_grp__grupo2,base,add_grp__grupo2,other,rmse_p90,-0.02417146054940078,0.02249065368105646,0.0,0.02249065368105646,-0.06825314176427144,0.01991022066546988,-1.0747335712060713,0.28249402893075104,1,4,97,features,,0.022972508982103595,
add_grp__grupo2,base,add_grp__grupo2,all,rmse_p90,0.010452980967719603,0.02001489707319786,0.0,0.02001489707319786,-0.028776217295748207,0.04968217923118741,0.5222600410829636,0.6014892868923895,1,9,97,features,,0.022972508982103595,
add_grp__grupo2,base,add_grp__grupo2,bagging,r2,0.011757000788734262,0.004761943204051447,0.0,0.004761943204051447,0.002423592108793426,0.021090409468675096,2.4689502341673126,0.013551006263113775,1,2,97,features,,0.022972508982103595,
add_grp__grupo2,base,add_grp__grupo2,boosting,r2,-0.0003009117007532665,0.00241531694560932,0.0,0.00241531694560932,-0.005034932914147533,0.004433109512641,-0.12458476776734348,0.9008522879946975,1,3,97,features,,0.022972508982103595,
add_grp__grupo2,base,add_grp__grupo2,other,r2,-0.012239206929980734,0.0027643466193351457,0.0,0.0027643466193351457,-0.01765732630387762,-0.006821087556083848,-4.427522527158476,9.532161984655867e-06,1,4,97,features,,0.022972508982103595,
add_grp__grupo2,base,add_grp__grupo2,all,r2,-0.0029272845827460234,0.002282218961121712,0.0,0.002282218961121712,-0.007400433746544579,0.0015458645810525321,-1.2826484367246083,0.19961527242084973,1,9,97,features,,0.022972508982103595,
add_grp__grupo2,base,add_grp__grupo2,bagging,bias_p90,0.03351949208784144,0.04925959006559791,0.0,0.04925959006559791,-0.06302930444073046,0.13006828861641334,0.6804663222573366,0.4962092390888459,1,2,97,features,,0.022972508982103595,
add_grp__grupo2,base,add_grp__grupo2,boosting,bias_p90,0.032298804559394455,0.03026253573718635,0.0,0.03026253573718635,-0.02701576548549079,0.09161337460427971,1.0672867878584924,0.2858423523830137,1,3,97,features,,0.022972508982103595,
add_grp__grupo2,base,add_grp__grupo2,other,bias_p90,-0.0038046287070262474,0.028121459391744832,0.0,0.028121459391744832,-0.05892268911484612,0.051313431700793624,-0.13529271913046986,0.8923804414446397,1,4,97,features,,0.022972508982103595,
add_grp__grupo2,base,add_grp__grupo2,all,bias_p90,0.01652409811397347,0.026346126933600958,0.0,0.026346126933600958,-0.03511431067588441,0.06816250690383135,0.6271926858782114,0.5305329370533708,1,9,97,features,,0.022972508982103595,
add_grp__grupo3,base,add_grp__grupo3,bagging,rmse,0.022125420753694502,0.007335360089643442,0.0,0.007335360089643442,0.007748114977993357,0.03650272652939565,3.0162692060520206,0.0025590594829459938,1,2,97,features,,0.022972508982103595,
add_grp__grupo3,base,add_grp__grupo3,boosting,rmse,-0.004350722947639163,0.007283445695047326,0.0,0.007283445695047326,-0.01862627650993192,0.009924830614653594,-0.597344049753486,0.5502777004526453,1,3,97,features,,0.022972508982103595,
add_grp__grupo3,base,add_grp__grupo3,other,rmse,-0.025602087984568866,0.008670340936222112,0.0,0.008670340936222112,-0.042595956219564204,-0.008608219749573525,-2.952835208314697,0.003148700026643729,1,4,97,features,,0.022972508982103595,
add_grp__grupo3,base,add_grp__grupo3,all,rmse,-0.007912186585978217,0.005670436548141024,0.0,0.005670436548141024,-0.019026242220334624,0.00320186904837819,-1.3953399387869212,0.1629133537279856,1,9,97,features,0.25600669871540593,0.022972508982103595,sem informação
add_grp__grupo3,base,add_grp__grupo3,bagging,rmse_p90,0.030730554106055852,0.02167117543161345,0.0,0.02167117543161345,-0.011744949739906509,0.0732060579520182,1.4180381771644361,0.15617961903438848,1,2,97,features,,0.022972508982103595,
add_grp__grupo3,base,add_grp__grupo3,boosting,rmse_p90,0.0037327699129561984,0.022670729397239294,0.0,0.022670729397239294,-0.040701859705632816,0.04816739953154522,0.16465151374488873,0.8692182824041363,1,3,97,features,,0.022972508982103595,
add_grp__grupo3,base,add_grp__grupo3,other,rmse_p90,0.03166738391409041,0.02246815332229557,0.0,0.02246815332229557,-0.012370196597608907,0.07570496442578972,1.4094342093823202,0.158706814515674,1,4,97,features,,0.022972508982103595,
add_grp__grupo3,base,add_grp__grupo3,all,rmse_p90,0.022147661511926882,0.015917393172266835,0.0,0.015917393172266835,-0.009050429105716115,0.05334575212956988,1.391412605835179,0.16410034420346759,1,9,97,features,,0.022972508982103595,
add_grp__grupo3,base,add_grp__grupo3,bagging,r2,0.00844995677888688,0.0028588900672373305,0.0,0.0028588900672373305,0.002846532247101712,0.014053381310672047,2.9556774063202926,0.0031198321609966304,1,2,97,features,,0.022972508982103595,
add_grp__grupo3,base,add_grp__grupo3,boosting,r2,-0.0014656609915103165,0.0024078589787656407,0.0,0.0024078589787656407,-0.006185064589890972,0.003253742606870339,-0.6086988500720543,0.5427240693812532,1,3,97,features,,0.022972508982103595,
add_grp__grupo3,base,add_grp__grupo3,other,r2,-0.01047788896652646,0.003027856604450403,0.0,0.003027856604450403,-0.01641248791124925,-0.004543290021803671,-3.460497089302662,0.0005391790627000517,1,4,97,features,,0.022972508982103595,
add_grp__grupo3,base,add_grp__grupo3,all,r2,-0.0032676250314292257,0.0019765684520432073,0.0,0.0019765684520432073,-0.007141699197433912,0.0006064491345754604,-1.6531808084113833,0.09829407111776285,1,9,97,features,,0.022972508982103595,
add_grp__grupo3,base,add_grp__grupo3,bagging,bias_p90,0.020259991786382603,0.026883831383894725,0.0,0.026883831383894725,-0.032432317726051055,0.07295230129881626,0.7536125151610548,0.45108192718051165,1,2,97,features,,0.022972508982103595,
add_grp__grupo3,base,add_grp__grupo3,boosting,bias_p90,0.04790445899176513,0.031017862580327852,0.0,0.031017862580327852,-0.012890551665677458,0.10869946964920772,1.544415217770263,0.12248777577328587,1,3,97,features,,0.022972508982103595,
add_grp__grupo3,base,add_grp__grupo3,other,bias_p90,0.011970506976158313,0.03291369298955405,0.0,0.03291369298955405,-0.05254033128336763,0.07648134523568426,0.363693827367152,0.7160866532092129,1,4,97,features,,0.022972508982103595,
add_grp__grupo3,base,add_grp__grupo3,all,bias_p90,0.025790598716965984,0.024341622008281168,0.0,0.024341622008281168,-0.021918980419265106,0.07350017785319707,1.059526711416021,0.2893599709001909,1,9,97,features,,0.022972508982103595,
add_grp__grupo4,base,add_grp__grupo4,bagging,rmse,0.00908699851503103,0.005105749205419639,0.0,0.005105749205419639,-0.0009202699275914616,0.019094266957653525,1.779758101981465,0.07511555717447836,1,2,97,features,,0.022972508982103595,
add_grp__grupo4,base,add_grp__grupo4,boosting,rmse,-0.0068497558909100436,0.003225427670480093,0.0,0.003225427670480093,-0.013171594125051027,-0.0005279176567690612,-2.123673692515474,0.03369743867695981,1,3,97,features,,0.022972508982103595,
add_grp__grupo4,base,add_grp__grupo4,other,rmse,0.04113521753347549,0.007158560795966267,0.0,0.007158560795966267,0.027104438373381605,0.05516599669356937,5.746297154681499,9.121894229783568e-09,1,4,97,features,,0.022972508982103595,
add_grp__grupo4,base,add_grp__grupo4,all,rmse,0.01801839994347043,0.003462845706364294,0.0,0.003462845706364294,0.011231222358996415,0.024805577527944447,5.203350501685588,1.957272151894723e-07,1,9,97,features,1.0764996835420977e-06,0.022972508982103595,inconclusivo
add_grp__grupo4,base,add_grp__grupo4,bagging,rmse_p90,0.03215387511891166,0.016730769489845455,0.0,0.016730769489845455,-0.0006384330811854341,0.06494618331900875,1.9218407819453298,0.05462579502784802,1,2,97,features,,0.022972508982103595,
add_grp__grupo4,base,add_grp__grupo4,boosting,rmse_p90,-0.007078559507223581,0.01198625538089528,0.0,0.01198625538089528,-0.03057162005377833,0.01641450103933117,-0.5905563733028745,0.5548177033912821,1,3,97,features,,0.022972508982103595,
add_grp__grupo4,base,add_grp__grupo4,other,rmse_p90,0.057433207611949255,0.022442803216670627,0.0,0.022442803216670627,0.013445313307274831,0.10142110191662368,2.5590924207403636,0.01049458369462968,1,4,97,features,,0.022972508982103595,
add_grp__grupo4,base,add_grp__grupo4,all,rmse_p90,0.0303116557959944,0.011687037504133588,0.0,0.011687037504133588,0.007405062287892568,0.05321824930409623,2.5936132903889004,0.009497324350528248,1,9,97,features,,0.022972508982103595,
add_grp__grupo4,base,add_grp__grupo4,bagging,r2,0.0034997009356410036,0.001937811373783613,0.0,0.001937811373783613,-0.00029840935697487796,0.007297811228256885,1.8060070154340007,0.070917243753791,1,2,97,features,,0.022972508982103595,
add_grp__grupo4,base,add_grp__grupo4,boosting,r2,-0.0022391410678564982,0.0010777585586188008,0.0,0.0010777585586188008,-0.004351547842749348,-0.00012673429296364887,-2.0775906161451085,0.037747081212373856,1,3,97,features,,0.022972508982103595,
add_grp__grupo4,base,add_grp__grupo4,other,r2,0.01193631301404921,0.002468526910483785,0.0,0.002468526910483785,0.007098000269500991,0.01677462575859743,4.83539918619316,1.3287870568274395e-06,1,4,97,features,,0.022972508982103595,
add_grp__grupo4,base,add_grp__grupo4,all,r2,0.005336358969323262,0.0012019973513334263,0.0,0.0012019973513334263,0.002980444160709746,0.007692273777936777,4.43957631304546,9.01361496496575e-06,1,9,97,features,,0.022972508982103595,
add_grp__grupo4,base,add_grp__grupo4,bagging,bias_p90,0.039408866009327026,0.014037199512220289,0.0,0.014037199512220289,0.01189595496537526,0.06692177705327879,2.807459278114489,0.004993399271057593,1,2,97,features,,0.022972508982103595,
add_grp__grupo4,base,add_grp__grupo4,boosting,bias_p90,0.012669476289025075,0.013242488165970831,0.0,0.013242488165970831,-0.013285800516277752,0.038624753094327904,0.9567292891060895,0.3387039107731745,1,3,97,features,,0.022972508982103595,
add_grp__grupo4,base,add_grp__grupo4,other,bias_p90,0.01881752400577863,0.027346166951928187,0.0,0.027346166951928187,-0.03478096322000061,0.07241601123155787,0.6881229109314642,0.4913753838803145,1,4,97,features,,0.022972508982103595,
add_grp__grupo4,base,add_grp__grupo4,all,bias_p90,0.02134402854542709,0.013537762992905931,0.0,0.013537762992905931,-0.005189986920668535,0.047878044011522715,1.5766289125176591,0.11488093604941965,1,9,97,features,,0.022972508982103595,
drop_grp__grupo1,drop_grp__grupo1,full,bagging,rmse,0.1778012658304131,0.017922328920146887,0.0,0.017922328920146887,0.14267350114692523,0.212929030513901,9.920656328907276,3.3852275559494104e-23,1,2,97,features,,0.022972508982103595,
drop_grp__grupo1,drop_grp__grupo1,full,boosting,rmse,0.19209548022581022,0.015405632320257377,0.0,0.015405632320257377,0.16190044087810576,0.22229051957351467,12.469172068530904,1.0996259691447452e-35,1,3,97,features,,0.022972508982103595,
drop_grp__grupo1,drop_grp__grupo1,full,other,rmse,0.22302419622350378,0.023436932391740193,0.0,0.023436932391740193,0.177087808735693,0.26896058371131454,9.515929495197227,1.800955826141554e-21,1,4,97,features,,0.022972508982103595,
drop_grp__grupo1,drop_grp__grupo1,full,all,rmse,0.2026650841369191,0.015307297806979626,0.0,0.015307297806979626,0.17266278043523905,0.23266738783859917,13.23976881435667,5.1707747160082045e-40,1,9,97,features,5.687852187609025e-39,0.022972508982103595,acrescenta
drop_grp__grupo1,drop_grp__grupo1,full,bagging,rmse_p90,0.21409187323054013,0.05374546069858711,0.0,0.05374546069858711,0.1087507702613094,0.31943297619977085,3.9834410282795902,6.792453257555073e-05,1,2,97,features,,0.022972508982103595,
drop_grp__grupo1,drop_grp__grupo1,full,boosting,rmse_p90,0.236165622255319,0.03803952371779673,0.0,0.03803952371779673,0.1616081557684374,0.3107230887422006,6.208427424258977,5.351742791203963e-10,1,3,97,features,,0.022972508982103595,
drop_grp__grupo1,drop_grp__grupo1,full,other,rmse_p90,0.3899553327378322,0.074687795389334,0.0,0.074687795389334,0.2435672537747376,0.5363434117009269,5.221138617160481,1.778263676539918e-07,1,4,97,features,,0.022972508982103595,
drop_grp__grupo1,drop_grp__grupo1,full,all,rmse_p90,0.2996113271309296,0.04605248121829939,0.0,0.04605248121829939,0.20934846394306278,0.3898741903187964,6.505867202045048,7.72464444146346e-11,1,9,97,features,,0.022972508982103595,
drop_grp__grupo1,drop_grp__grupo1,full,bagging,r2,0.06907714802663334,0.006254396748632682,0.0,0.006254396748632682,0.05681853039931328,0.0813357656539534,11.044574049725066,2.3286942670335514e-28,1,2,97,features,,0.022972508982103595,
drop_grp__grupo1,drop_grp__grupo1,full,boosting,r2,0.06447225323596244,0.005322753167864026,0.0,0.005322753167864026,0.05403965702694895,0.07490484944497593,12.112576180539776,9.060308191761533e-34,1,3,97,features,,0.022972508982103595,
drop_grp__grupo1,drop_grp__grupo1,full,other,r2,0.0701289079967082,0.008870087100781781,0.0,0.008870087100781781,0.05274353727917591,0.0875142787142405,7.9062254067975575,2.6531059480904937e-15,1,4,97,features,,0.022972508982103595,
drop_grp__grupo1,drop_grp__grupo1,full,all,r2,0.06800963197199854,0.005681075947907807,0.0,0.005681075947907807,0.05687472311409924,0.07914454082989784,11.971259070571787,5.0260081043860536e-33,1,9,97,features,,0.022972508982103595,
drop_grp__grupo1,drop_grp__grupo1,full,bagging,bias_p90,0.5099342069385782,0.04462169020219803,0.0,0.04462169020219803,0.42247569414227004,0.5973927197348863,11.427944675064309,3.0320054951845827e-30,1,2,97,features,,0.022972508982103595,
drop_grp__grupo1,drop_grp__grupo1,full,boosting,bias_p90,0.4345839355996198,0.056439501532270626,0.0,0.056439501532270626,0.3239625125963693,0.5452053586028702,7.699995992188841,1.360704985175823e-14,1,3,97,features,,0.022972508982103595,
drop_grp__grupo1,drop_grp__grupo1,full,other,bias_p90,0.861775547259206,0.07031583348977243,0.0,0.07031583348977243,0.7239565136192521,0.99959458089916,12.255782296665132,1.564324087039955e-34,1,4,97,features,,0.022972508982103595,
drop_grp__grupo1,drop_grp__grupo1,full,all,bias_p90,0.6411913788569821,0.048617906153142244,0.0,0.048617906153142244,0.5459002827968232,0.7364824749171409,13.188379130053114,1.0236249686881913e-39,1,9,97,features,,0.022972508982103595,
drop_grp__grupo2,drop_grp__grupo2,full,bagging,rmse,0.017024252048557065,0.008845811948725765,0.0,0.008845811948725765,-0.00031353937094543566,0.034362043468059565,1.9245550490149637,0.05428504757183541,1,2,97,features,,0.022972508982103595,
drop_grp__grupo2,drop_grp__grupo2,full,boosting,rmse,-0.0006949005131886565,0.007635845166329223,0.0,0.007635845166329223,-0.015661157039193935,0.01427135601281662,-0.09100505550490566,0.9274885740162022,1,3,97,features,,0.022972508982103595,
drop_grp__grupo2,drop_grp__grupo2,full,other,rmse,-0.03380332394236507,0.00922914860952545,0.0,0.00922914860952545,-0.05189245521703495,-0.01571419266769519,-3.6626698054765843,0.00024960018945794873,1,4,97,features,,0.022972508982103595,
drop_grp__grupo2,drop_grp__grupo2,full,all,rmse,-0.011472165912434681,0.006629201798353228,0.0,0.006629201798353228,-0.024465401437207004,0.001521069612337644,-1.7305501116717406,0.0835320361485964,1,9,97,features,0.15314206627242674,0.022972508982103595,inconclusivo
drop_grp__grupo2,drop_grp__grupo2,full,bagging,rmse_p90,0.07184409118612312,0.03331098424289405,0.0,0.03331098424289405,0.0065545620700507845,0.13713362030219545,2.156768790206162,0.031023684025010507,1,2,97,features,,0.022972508982103595,
drop_grp__grupo2,drop_grp__grupo2,full,boosting,rmse_p90,0.004948429893856539,0.02042254024822049,0.0,0.02042254024822049,-0.03507974899265562,0.0449766087803687,0.24230236952465886,0.8085458778585779,1,3,97,features,,0.022972508982103595,
drop_grp__grupo2,drop_grp__grupo2,full,other,rmse_p90,-0.049754978313291565,0.0261115328884228,0.0,0.0261115328884228,-0.10093358277460025,0.0014236261480171236,-1.9054790282094727,0.0567178310117479,1,4,97,features,,0.022972508982103595,
drop_grp__grupo2,drop_grp__grupo2,full,all,rmse_p90,-0.00449849346659449,0.019038106865526778,0.0,0.019038106865526778,-0.04181318292302698,0.032816195989837996,-0.23628890720957815,0.8132084940294078,1,9,97,features,,0.022972508982103595,
drop_grp__grupo2,drop_grp__grupo2,full,bagging,r2,0.006362063829028319,0.003428789952836081,0.0,0.003428789952836081,-0.00035836447853039924,0.013082492136587038,1.8554836885724122,0.06352718638885707,1,2,97,features,,0.022972508982103595,
drop_grp__grupo2,drop_grp__grupo2,full,boosting,r2,-0.00021903499765230094,0.0025381980934802433,0.0,0.0025381980934802433,-0.005193903260873578,0.004755833265568976,-0.08629547008758946,0.9312315393910953,1,3,97,features,,0.022972508982103595,
drop_grp__grupo2,drop_grp__grupo2,full,other,r2,-0.013909708478247268,0.0038251272506178153,0.0,0.0038251272506178153,-0.021406957889458185,-0.00641245906703635,-3.636404115967813,0.00027647048703306965,1,4,97,features,,0.022972508982103595,
drop_grp__grupo2,drop_grp__grupo2,full,all,r2,-0.004841312360876593,0.0025190956159251666,0.0,0.0025190956159251666,-0.00977873976808992,9.611504633673384e-05,-1.9218454155812446,0.054625211807346884,1,9,97,features,,0.022972508982103595,
drop_grp__grupo2,drop_grp__grupo2,full,bagging,bias_p90,0.057099663509541765,0.03608300765240776,0.0,0.03608300765240776,-0.013623031489177442,0.12782235850826096,1.5824529944840005,0.11354619495937675,1,2,97,features,,0.022972508982103595,
drop_grp__grupo2,drop_grp__grupo2,full,boosting,bias_p90,-0.008133236047063916,0.027258223394605104,0.0,0.027258223394605104,-0.06155935390048992,0.04529288180636209,-0.298377334770601,0.7654151858848423,1,3,97,features,,0.022972508982103595,
drop_grp__grupo2,drop_grp__grupo2,full,other,bias_p90,-0.004811587304167864,0.036285735692575594,0.0,0.036285735692575594,-0.07593162926161602,0.0663084546532803,-0.13260272149180538,0.8945075799911868,1,4,97,features,,0.022972508982103595,
drop_grp__grupo2,drop_grp__grupo2,full,all,bias_p90,0.007839252184580037,0.027720185517408635,0.0,0.027720185517408635,-0.046492311429540883,0.06217081579870096,0.2827994127116099,0.7773306045503804,1,9,97,features,,0.022972508982103595,
drop_grp__grupo3,drop_grp__grupo3,full,bagging,rmse,0.011593746350627265,0.005419028285906502,0.0,0.005419028285906502,0.0009724509102505222,0.02221504179100401,2.1394511596810846,0.032399147389505674,1,2,97,features,,0.022972508982103595,
drop_grp__grupo3,drop_grp__grupo3,full,boosting,rmse,0.0037339572823974856,0.007019717801682442,0.0,0.007019717801682442,-0.0100246896089001,0.01749260417369507,0.5319241296997087,0.5947785442974409,1,3,97,features,,0.022972508982103595,
drop_grp__grupo3,drop_grp__grupo3,full,other,rmse,-0.02393589951401265,0.00945032009664648,0.0,0.00945032009664648,-0.04245852690343975,-0.005413272124585547,-2.532813626334889,0.011315109671040038,1,4,97,features,,0.022972508982103595,
drop_grp__grupo3,drop_grp__grupo3,full,all,rmse,-0.006817137056400401,0.005895546503456683,0.0,0.005895546503456683,-0.0183724082031755,0.004738134090374699,-1.1563197834845964,0.24755037915285505,1,9,97,features,0.30256157452015614,0.022972508982103595,sem informação
drop_grp__grupo3,drop_grp__grupo3,full,bagging,rmse_p90,0.023751243371128883,0.01416230706091744,0.0,0.01416230706091744,-0.0040068784682693,0.05150936521052707,1.6770744532628619,0.09352792366283419,1,2,97,features,,0.022972508982103595,
drop_grp__grupo3,drop_grp__grupo3,full,boosting,rmse_p90,0.0256095670343998,0.019310113675710606,0.0,0.019310113675710606,-0.012238255769992986,0.06345738983879258,1.3262255968287238,0.18476498315379272,1,3,97,features,,0.022972508982103595,
drop_grp__grupo3,drop_grp__grupo3,full,other,rmse_p90,0.03231209732657425,0.025867793668503423,0.0,0.025867793668503423,-0.018388778263692458,0.08301297291684095,1.2491245964249902,0.2116195056434785,1,4,97,features,,0.022972508982103595,
drop_grp__grupo3,drop_grp__grupo3,full,all,rmse_p90,0.02817550857241713,0.015457250943349371,0.0,0.015457250943349371,-0.002120703276547637,0.05847172042138189,1.8228020412995825,0.0683333784635057,1,9,97,features,,0.022972508982103595,
drop_grp__grupo3,drop_grp__grupo3,full,bagging,r2,0.0041746756239730565,0.002041451671334213,0.0,0.002041451671334213,0.00017343034815799855,0.008175920899788115,2.0449544226754344,0.040859351700203876,1,2,97,features,,0.022972508982103595,
drop_grp__grupo3,drop_grp__grupo3,full,boosting,r2,0.0011257230133949747,0.002296177284023863,0.0,0.002296177284023863,-0.003374784463291797,0.005626230490081746,0.49025962464981676,0.6239501936966337,1,3,97,features,,0.022972508982103595,
drop_grp__grupo3,drop_grp__grupo3,full,other,r2,-0.010686314308806344,0.0038737416391567358,0.0,0.0038737416391567358,-0.018278847921553546,-0.0030937806960591417,-2.7586543719866197,0.005803988484543968,1,4,97,features,,0.022972508982103595,
drop_grp__grupo3,drop_grp__grupo3,full,all,r2,-0.0034465263274549266,0.0022467906463274536,0.0,0.0022467906463274536,-0.007850235994256735,0.0009571833393468821,-1.533977512808561,0.1250351850272786,1,9,97,features,,0.022972508982103595,
drop_grp__grupo3,drop_grp__grupo3,full,bagging,bias_p90,0.014122072977203803,0.018575856703460923,0.0,0.018575856703460923,-0.022286606161579604,0.05053075211598721,0.7602380446104905,0.4471123078160412,1,2,97,features,,0.022972508982103595,
drop_grp__grupo3,drop_grp__grupo3,full,boosting,bias_p90,0.03706995432855287,0.023059781155259668,0.0,0.023059781155259668,-0.00812721673575608,0.08226712539286182,1.607558808948091,0.10793183971677822,1,3,97,features,,0.022972508982103595,
drop_grp__grupo3,drop_grp__grupo3,full,other,bias_p90,0.1612261733648962,0.03155378207021216,0.0,0.03155378207021216,0.09938076050728037,0.22307158622251202,5.109567309748874,3.2289744216971586e-07,1,4,97,features,,0.022972508982103595,
drop_grp__grupo3,drop_grp__grupo3,full,all,bias_p90,0.08715096693329455,0.018469178750161054,0.0,0.018469178750161054,0.05095137658297889,0.12335055728361022,4.718724536278289,2.373279224270447e-06,1,9,97,features,,0.022972508982103595,
drop_grp__grupo4,drop_grp__grupo4,full,bagging,rmse,0.015310781695140552,0.005682242592187225,0.0,0.005682242592187225,0.00417358621445359,0.026447977175827513,2.6944963096422607,0.007049510727128592,1,2,97,features,,0.022972508982103595,
drop_grp__grupo4,drop_grp__grupo4,full,boosting,rmse,0.0024560937406140995,0.004139894725786625,0.0,0.004139894725786625,-0.005658099921927687,0.010570287403155885,0.5932744437474591,0.5529974990774268,1,3,97,features,,0.022972508982103595,
drop_grp__grupo4,drop_grp__grupo4,full,other,rmse,0.021476410739040053,0.01068183723980891,0.0,0.01068183723980891,0.0005400097490145875,0.04241281172906552,2.0105540139670066,0.04437258551476468,1,4,97,features,,0.022972508982103595,
drop_grp__grupo4,drop_grp__grupo4,full,all,rmse,0.013766165285364847,0.005368856447487993,0.0,0.005368856447487993,0.0032432066482883815,0.024289123922441314,2.5640777361081852,0.010345037207744092,1,9,97,features,0.028448852321296254,0.022972508982103595,inconclusivo
drop_grp__grupo4,drop_grp__grupo4,full,bagging,rmse_p90,0.04574738595524641,0.017119804692839954,0.0,0.017119804692839954,0.0121925687572801,0.07930220315321272,2.672190879279097,0.007535776919815613,1,2,97,features,,0.022972508982103595,
drop_grp__grupo4,drop_grp__grupo4,full,boosting,rmse_p90,0.010935758240523027,0.013138607387358172,0.0,0.013138607387358172,-0.01481591223869899,0.03668742871974504,0.8323376989744969,0.4052183570773781,1,3,97,features,,0.022972508982103595,
drop_grp__grupo4,drop_grp__grupo4,full,other,rmse_p90,0.012592780575029217,0.03281724150488348,0.0,0.03281724150488348,-0.05172901277454241,0.07691457392460084,0.3837245300813996,0.7011826295405764,1,4,97,features,,0.022972508982103595,
drop_grp__grupo4,drop_grp__grupo4,full,all,rmse_p90,0.019408129881353195,0.016154327890413114,0.0,0.016154327890413114,-0.01225435278385651,0.0510706125465629,1.2014198308349968,0.2295883874207605,1,9,97,features,,0.022972508982103595,
drop_grp__grupo4,drop_grp__grupo4,full,bagging,r2,0.005672867907091816,0.0020928764976333256,0.0,0.0020928764976333256,0.0015708299717304983,0.009774905842453135,2.7105602807938403,0.006716963775946961,1,2,97,features,,0.022972508982103595,
drop_grp__grupo4,drop_grp__grupo4,full,boosting,r2,0.0007312311538701192,0.0013705587719321185,0.0,0.0013705587719321185,-0.0019550640391168333,0.0034175263468570714,0.5335277617020978,0.5936682987972868,1,3,97,features,,0.022972508982103595,
drop_grp__grupo4,drop_grp__grupo4,full,other,r2,0.003520444198812339,0.004427476157945048,0.0,0.004427476157945048,-0.005157409070759955,0.012198297468384633,0.7951356649306734,0.42653459038745756,1,4,97,features,,0.022972508982103595,
drop_grp__grupo4,drop_grp__grupo4,full,all,r2,0.003069022896782594,0.002167764614963031,0.0,0.002167764614963031,-0.001179795748544947,0.007317841542110135,1.4157546790821351,0.1568473430347691,1,9,97,features,,0.022972508982103595,
drop_grp__grupo4,drop_grp__grupo4,full,bagging,bias_p90,0.09882553960537632,0.016434986159136074,0.0,0.016434986159136074,0.06661296673346961,0.13103811247728303,6.013119734234763,1.8198651603220382e-09,1,2,97,features,,0.022972508982103595,
drop_grp__grupo4,drop_grp__grupo4,full,boosting,bias_p90,0.014696154714991009,0.014886503529998494,0.0,0.014886503529998494,-0.014481392203806039,0.04387370163378806,0.9872133295354477,0.3235380685724586,1,3,97,features,,0.022972508982103595,
drop_grp__grupo4,drop_grp__grupo4,full,other,bias_p90,0.09009467850258135,0.03930193152031756,0.0,0.03930193152031756,0.013062892722758943,0.16712646428240374,2.2923727923144424,0.021884140641585437,1,4,97,features,,0.022972508982103595,
drop_grp__grupo4,drop_grp__grupo4,full,all,bias_p90,0.0669020285962279,0.01778924780612466,0.0,0.01778924780612466,0.03203510289622357,0.10176895429623223,3.7608126732145584,0.00016936222989361505,1,9,97,features,,0.022972508982103595,
ctrl__noise,base,ctrl__noise,bagging,rmse,0.0027009531482953264,0.0023556531056887963,0.0,0.0023556531056887963,-0.0019161269388547142,0.007318033235445367,1.1465835702942195,0.25155376996392065,1,2,97,features,,0.022972508982103595,
ctrl__noise,base,ctrl__noise,boosting,rmse,-0.009766759549627432,0.0032881901367918264,0.0,0.0032881901367918264,-0.01621161221773941,-0.003321906881515452,-2.9702538914481758,0.002975537177818968,1,3,97,features,,0.022972508982103595,
ctrl__noise,base,ctrl__noise,other,rmse,-0.0029074187534436913,0.003306734911458998,0.0,0.003306734911458998,-0.009388619179903327,0.003573781673015945,-0.8792415573950194,0.3792703162104838,1,4,97,features,,0.022972508982103595,
ctrl__noise,base,ctrl__noise,all,rmse,-0.003947560818451823,0.002117389942224017,0.0,0.002117389942224017,-0.008097645105210896,0.0002025234683072502,-1.8643523045667592,0.06227224611384371,1,9,97,features,0.13699894145045616,0.022972508982103595,sem informação
ctrl__noise,base,ctrl__noise,bagging,rmse_p90,0.011804508274912529,0.007584241225788156,0.0,0.007584241225788156,-0.003060604527632257,0.026669621077457316,1.5564521121472903,0.11960062157074614,1,2,97,features,,0.022972508982103595,
ctrl__noise,base,ctrl__noise,boosting,rmse_p90,-0.005119166546987112,0.011023247503444026,0.0,0.011023247503444026,-0.026724731653737403,0.016486398559763176,-0.46439731534538403,0.6423631131720728,1,3,97,features,,0.022972508982103595,
ctrl__noise,base,ctrl__noise,other,rmse_p90,0.000894855309243825,0.011757388355568783,0.0,0.011757388355568783,-0.02214962586767099,0.02393933648615864,0.07611004095309862,0.9393315517887483,1,4,97,features,,0.022972508982103595,
ctrl__noise,base,ctrl__noise,all,rmse_p90,0.0013145486828710024,0.007237106199258052,0.0,0.007237106199258052,-0.01287017946767478,0.015499276833416783,0.18164009849762464,0.8558651782234549,1,9,97,features,,0.022972508982103595,
ctrl__noise,base,ctrl__noise,bagging,r2,0.0010784659472052316,0.0008832266622029354,0.0,0.0008832266622029354,-0.0006526583107125217,0.002809590205122985,1.2210522998879272,0.2220662184347379,1,2,97,features,,0.022972508982103595,
ctrl__noise,base,ctrl__noise,boosting,r2,-0.0031727587959637926,0.0010707054992680602,0.0,0.0010707054992680602,-0.00527134157452919,-0.0010741760173983948,-2.963241337727981,0.003044177911146391,1,3,97,features,,0.022972508982103595,
ctrl__noise,base,ctrl__noise,other,r2,-0.0010896763759492833,0.001308184991788223,0.0,0.001308184991788223,-0.0036537189598542003,0.0014743662079556336,-0.8329681067963871,0.40486271665880036,1,4,97,features,,0.022972508982103595,
ctrl__noise,base,ctrl__noise,all,r2,-0.0013022277774753387,0.0007795766124667486,0.0,0.0007795766124667486,-0.0028301979379101658,0.00022574238295948847,-1.6704295083389034,0.09483441544868815,1,9,97,features,,0.022972508982103595,
ctrl__noise,base,ctrl__noise,bagging,bias_p90,0.009812873225390595,0.008625962887512151,0.0,0.008625962887512151,-0.007094014034133223,0.026719760484914413,1.1375974315396997,0.2552886196273085,1,2,97,features,,0.022972508982103595,
ctrl__noise,base,ctrl__noise,boosting,bias_p90,-0.012849976000659957,0.01074959901298491,0.0,0.01074959901298491,-0.03391919006611038,0.008219238064790465,-1.1953911941401638,0.2319342245425794,1,3,97,features,,0.022972508982103595,
ctrl__noise,base,ctrl__noise,other,bias_p90,-0.02951562033004529,0.011345918946227006,0.0,0.011345918946227006,-0.05175362146465022,-0.007277619195440357,-2.6014305645873197,0.009283585615731565,1,4,97,features,,0.022972508982103595,
ctrl__noise,base,ctrl__noise,all,bias_p90,-0.015220740319042204,0.0071156271625347515,0.0,0.0071156271625347515,-0.029167369557610318,-0.0012741110804740906,-2.1390581562764486,0.03243095869354503,1,9,97,features,,0.022972508982103595,
ctrl__perm_static,base,ctrl__perm_static,bagging,rmse,0.010132752792764377,0.004965010341080149,0.0,0.004965010341080149,0.00040133252424728524,0.01986417306128147,2.0408321628107573,0.04126751249199985,1,2,97,features,,0.022972508982103595,
ctrl__perm_static,base,ctrl__perm_static,boosting,rmse,-0.009305877379871616,0.004220942227149949,0.0,0.004220942227149949,-0.017578924145085516,-0.0010328306146577156,-2.204691957168791,0.02747571790116402,1,3,97,features,,0.022972508982103595,
ctrl__perm_static,base,ctrl__perm_static,other,rmse,0.04039592503855993,0.006934879844465161,0.0,0.006934879844465161,0.02680356054340822,0.053988289533711646,5.825036041655512,5.71002755892145e-09,1,4,97,features,,0.022972508982103595,
ctrl__perm_static,base,ctrl__perm_static,all,rmse,0.017103508177794848,0.003881360733225019,0.0,0.003881360733225019,0.009496041140673811,0.024710975214915887,4.406575258874112,1.0501783087930375e-05,1,9,97,features,3.8506537989078044e-05,0.022972508982103595,inconclusivo
ctrl__perm_static,base,ctrl__perm_static,bagging,rmse_p90,0.04024526674532325,0.018837681313924017,0.0,0.018837681313924017,0.003323411370032177,0.07716712212061433,2.136423590284206,0.032644902928713054,1,2,97,features,,0.022972508982103595,
ctrl__perm_static,base,ctrl__perm_static,boosting,rmse_p90,-0.012309860614473441,0.011196858901781022,0.0,0.011196858901781022,-0.034255704061964244,0.00963598283301736,-1.0994030310157237,0.27159230928174616,1,3,97,features,,0.022972508982103595,
ctrl__perm_static,base,ctrl__perm_static,other,rmse_p90,0.053147455101522745,0.020423944034703555,0.0,0.020423944034703555,0.013116524793503774,0.09317838540954171,2.602213118642349,0.00926242729281163,1,4,97,features,,0.022972508982103595,
ctrl__perm_static,base,ctrl__perm_static,all,rmse_p90,0.028461196894813016,0.011486164045092616,0.0,0.011486164045092616,0.005948315366431492,0.05097407842319454,2.477867875043354,0.013217007882642568,1,9,97,features,,0.022972508982103595,
ctrl__perm_static,base,ctrl__perm_static,bagging,r2,0.003932791782731759,0.0018617262802522107,0.0,0.0018617262802522107,0.0002838082734374263,0.007581775292026092,2.112443609164167,0.034648417897260385,1,2,97,features,,0.022972508982103595,
ctrl__perm_static,base,ctrl__perm_static,boosting,r2,-0.003003903513102794,0.0013921458816713674,0.0,0.0013921458816713674,-0.005732509441178674,-0.0002752975850269135,-2.1577505293456745,0.030947233040872192,1,3,97,features,,0.022972508982103595,
ctrl__perm_static,base,ctrl__perm_static,other,r2,0.011483977591722844,0.00237382475821363,0.0,0.00237382475821363,0.006831281065624129,0.016136674117821558,4.837752893084181,1.3131525262539336e-06,1,4,97,features,,0.022972508982103595,
ctrl__perm_static,base,ctrl__perm_static,all,r2,0.00497664259922739,0.0013347027173525405,0.0,0.0013347027173525405,0.0023606252732164103,0.007592659925238369,3.728652481579453,0.0001925064117263968,1,9,97,features,,0.022972508982103595,
ctrl__perm_static,base,ctrl__perm_static,bagging,bias_p90,0.06216593160800965,0.019222655864244136,0.0,0.019222655864244136,0.024489526114091144,0.09984233710192816,3.2339928492214156,0.001220725119903983,1,2,97,features,,0.022972508982103595,
ctrl__perm_static,base,ctrl__perm_static,boosting,bias_p90,0.014359112982199829,0.014368023781969703,0.0,0.014368023781969703,-0.013802213630460788,0.042520439594860446,0.9993798173008972,0.3176107330453527,1,3,97,features,,0.022972508982103595,
ctrl__perm_static,base,ctrl__perm_static,other,bias_p90,0.035047995721457004,0.030181486250943072,0.0,0.030181486250943072,-0.024107717330391416,0.09420370877330542,1.1612415449011186,0.2455436840179328,1,4,97,features,,0.022972508982103595,
ctrl__perm_static,base,ctrl__perm_static,all,bias_p90,0.034177909449827425,0.017019430030780564,0.0,0.017019430030780564,0.0008198265894975229,0.06753599231015733,2.0081700378928566,0.04462522575039034,1,9,97,features,,0.022972508982103595,
full_vs_base,base,full,bagging,rmse,0.05397067695219526,0.01428563584478985,0.0,0.01428563584478985,0.025970830696407154,0.08197052320798337,3.7779681309655557,0.0001581131060133133,1,2,97,features,,0.022972508982103595,
full_vs_base,base,full,boosting,rmse,0.004684272609755939,0.009464923648095905,0.0,0.009464923648095905,-0.013866977740512033,0.023235522960023913,0.49490865261214145,0.6206646026590245,1,3,97,features,,0.022972508982103595,
full_vs_base,base,full,other,rmse,-0.027882344949060833,0.014342149332633732,0.0,0.014342149332633732,-0.055992957641022946,0.00022826774290127944,-1.9440841328864227,0.051885306348810334,1,4,97,features,,0.022972508982103595,
full_vs_base,base,full,all,rmse,0.0011627546597127785,0.009438911680761691,0.0,0.009438911680761691,-0.017337512234580136,0.019663021554005695,0.12318736513688279,0.9019587305218488,1,9,97,features,0.9019587305218489,0.022972508982103595,sem informação
full_vs_base,base,full,bagging,rmse_p90,0.1343184759107805,0.05906261599620886,0.0,0.05906261599620886,0.01855574855821114,0.25008120326334987,2.2741707871422796,0.02295571993861044,1,2,97,features,,0.022972508982103595,
full_vs_base,base,full,boosting,rmse_p90,0.04674184677206128,0.030646458728623267,0.0,0.030646458728623267,-0.013325212336040324,0.10680890588016288,1.5251956901762747,0.12721029525249167,1,3,97,features,,0.022972508982103595,
full_vs_base,base,full,other,rmse_p90,0.004754488996746797,0.04101106875769989,0.0,0.04101106875769989,-0.07562720576834497,0.08513618376183857,0.11593184817584486,0.9077065546754592,1,4,97,features,,0.022972508982103595,
full_vs_base,base,full,all,rmse_p90,0.04754227201385911,0.030080479636640407,0.0,0.030080479636640407,-0.011415468073956082,0.10650001210167431,1.5805024583434122,0.11399184435900776,1,9,97,features,,0.022972508982103595,
full_vs_base,base,full,bagging,r2,0.02035034286668619,0.005589090510147847,0.0,0.005589090510147847,0.009395725466796408,0.03130496026657597,3.641083075991887,0.0002714935060371413,1,2,97,features,,0.022972508982103595,
full_vs_base,base,full,boosting,r2,0.0014705785116378618,0.0031155049026873223,0.0,0.0031155049026873223,-0.00463581109762929,0.007576968120905013,0.47201932193057816,0.6369129970841673,1,3,97,features,,0.022972508982103595,
full_vs_base,base,full,other,r2,-0.016830955381649304,0.005532611311071559,0.0,0.005532611311071559,-0.02767487355134956,-0.005987037211949049,-3.0421358803876424,0.0023490582806893153,1,4,97,features,,0.022972508982103595,
full_vs_base,base,full,all,r2,-0.0024679333620345836,0.003450427908196287,0.0,0.003450427908196287,-0.009230772062099307,0.0042949053380301385,-0.7152542895251207,0.474451928171488,1,9,97,features,,0.022972508982103595,
full_vs_base,base,full,bagging,bias_p90,0.1352877679876232,0.05444122379330372,0.0,0.05444122379330372,0.028582969352747928,0.2419925666224985,2.4850243723629086,0.012954256529385392,1,2,97,features,,0.022972508982103595,
full_vs_base,base,full,boosting,bias_p90,0.09158059188685463,0.03720319567017769,0.0,0.03720319567017769,0.018662328373306364,0.1644988554004029,2.4616324011183317,0.013830633905109541,1,3,97,features,,0.022972508982103595,
full_vs_base,base,full,other,bias_p90,0.09868802860705517,0.04891432505781281,0.0,0.04891432505781281,0.0028159514937420582,0.19456010572036828,2.017569055494762,0.0436361623586077,1,4,97,features,,0.022972508982103595,
full_vs_base,base,full,all,bias_p90,0.104452158451559,0.0343924491017945,0.0,0.0343924491017945,0.037042958212041774,0.17186135869107622,3.0370665997760824,0.0023889266721207497,1,9,97,features,,0.022972508982103595,
real_vs_perm_static,ctrl__perm_static,add_grp__grupo4,bagging,rmse,-0.0010457542777333462,0.0032460359623189662,0.0,0.0032460359623189662,-0.00740798476387852,0.005316476208411827,-0.32216349106195974,0.7473288411102955,1,2,97,features,,0.022972508982103595,
real_vs_perm_static,ctrl__perm_static,add_grp__grupo4,boosting,rmse,0.0024561214889615712,0.0034573159121860765,0.0,0.0034573159121860765,-0.0043202176989231384,0.009232460676846282,0.7104128032686936,0.47744818589920784,1,3,97,features,,0.022972508982103595,
real_vs_perm_static,ctrl__perm_static,add_grp__grupo4,other,rmse,0.0007392924949155555,0.0038472981502970507,0.0,0.0038472981502970507,-0.0068014118796666636,0.008279996869497774,0.19215887774605525,0.8476177563738444,1,4,97,features,,0.022972508982103595,
real_vs_perm_static,ctrl__perm_static,add_grp__grupo4,all,rmse,0.0009148917656755825,0.0018762879180750213,0.0,0.0018762879180750213,-0.0027626325537514593,0.004592416085102625,0.4876073425949554,0.6258279936815494,1,9,97,features,0.6884107930497043,0.022972508982103595,sem informação
real_vs_perm_static,ctrl__perm_static,add_grp__grupo4,bagging,rmse_p90,-0.008091391626411593,0.011184691696161708,0.0,0.011184691696161708,-0.03001338735088854,0.013830604098065354,-0.723434480468366,0.46941299381321755,1,2,97,features,,0.022972508982103595,
real_vs_perm_static,ctrl__perm_static,add_grp__grupo4,boosting,rmse_p90,0.00523130110724986,0.013670094680439102,0.0,0.013670094680439102,-0.02156208446641078,0.0320246866809105,0.3826821415315774,0.7019554573378093,1,3,97,features,,0.022972508982103595,
real_vs_perm_static,ctrl__perm_static,add_grp__grupo4,other,rmse_p90,0.00428575251042651,0.012524585561133502,0.0,0.012524585561133502,-0.020262435189395155,0.028833940210248175,0.3421871717437204,0.7322100386314699,1,4,97,features,,0.022972508982103595,
real_vs_perm_static,ctrl__perm_static,add_grp__grupo4,all,rmse_p90,0.0018504589011813818,0.006815881632023807,0.0,0.006815881632023807,-0.01150866909758528,0.015209586899948044,0.2714922296313315,0.7860124752240486,1,9,97,features,,0.022972508982103595,
real_vs_perm_static,ctrl__perm_static,add_grp__grupo4,bagging,r2,-0.00043309084709075574,0.0012367236783633526,0.0,0.0012367236783633526,-0.002857069256682927,0.0019908875625014155,-0.35019208790754025,0.7261945442293474,1,2,97,features,,0.022972508982103595,
real_vs_perm_static,ctrl__perm_static,add_grp__grupo4,boosting,r2,0.0007647624452462957,0.0011302661230330627,0.0,0.0011302661230330627,-0.0014505591558985073,0.0029800840463910985,0.6766215758055811,0.49864608618029793,1,3,97,features,,0.022972508982103595,
real_vs_perm_static,ctrl__perm_static,add_grp__grupo4,other,r2,0.0004523354223263665,0.0014331044577250796,0.0,0.0014331044577250796,-0.0023565493148147896,0.0032612201594675225,0.31563325331107195,0.752280894501015,1,4,97,features,,0.022972508982103595,
real_vs_perm_static,ctrl__perm_static,add_grp__grupo4,all,r2,0.00035971637009587126,0.0006810962344741697,0.0,0.0006810962344741697,-0.0009752322494735015,0.0016946649896652439,0.5281432371646937,0.5973999231748153,1,9,97,features,,0.022972508982103595,
real_vs_perm_static,ctrl__perm_static,add_grp__grupo4,bagging,bias_p90,-0.022757065598682624,0.012985636273672113,0.0,0.012985636273672113,-0.048208912695079965,0.002694781497714717,-1.7524798260999899,0.07969133581879868,1,2,97,features,,0.022972508982103595,
real_vs_perm_static,ctrl__perm_static,add_grp__grupo4,boosting,bias_p90,-0.0016896366931747526,0.012745384207684212,0.0,0.012745384207684212,-0.026670589740235808,0.023291316353886305,-0.13256851779768775,0.8945346317717338,1,3,97,features,,0.022972508982103595,
real_vs_perm_static,ctrl__perm_static,add_grp__grupo4,other,bias_p90,-0.016230471715678374,0.013728532273536266,0.0,0.013728532273536266,-0.043138394971809456,0.010677451540452708,-1.1822437673810884,0.23710899084086934,1,4,97,features,,0.022972508982103595,
real_vs_perm_static,ctrl__perm_static,add_grp__grupo4,all,bias_p90,-0.012833880904400333,0.008313830903491536,0.0,0.008313830903491536,-0.02912898947524374,0.003461227666443077,-1.5436783660118134,0.12266626980430481,1,9,97,features,,0.022972508982103595,
