comparison,season,gain_rmse
add_grp__grupo2,DJF,0.01162515245666551
add_grp__grupo2,JJA,-0.01798964344927727
add_grp__grupo2,MAM,-0.025216968342905943
add_grp__grupo2,SON,0.011197521147160128
add_grp__grupo3,DJF,-0.001985413589630536
add_grp__grupo3,JJA,-0.013202981025108241
add_grp__grupo3,MAM,-0.021317202605730935
add_grp__grupo3,SON,0.006176869703142351
add_grp__grupo4,DJF,-0.0016027629230652707
add_grp__grupo4,JJA,0.03253116431027401
add_grp__grupo4,MAM,0.00018580190556711785
add_grp__grupo4,SON,-0.0008381612643349357
drop_grp__grupo1,DJF,0.0943084901568029
drop_grp__grupo1,JJA,0.3049504318763415
drop_grp__grupo1,MAM,0.19554125051670956
drop_grp__grupo1,SON,0.15908905758356778
drop_grp__grupo2,DJF,0.005779655372069303
drop_grp__grupo2,JJA,-0.009438928397479885
drop_grp__grupo2,MAM,-0.02641924907635884
drop_grp__grupo2,SON,-0.005620469469494527
drop_grp__grupo3,DJF,-0.010911773617199482
drop_grp__grupo3,JJA,-0.010245132037081018
drop_grp__grupo3,MAM,-0.00602345804488742
drop_grp__grupo3,SON,0.008606479501058039
drop_grp__grupo4,DJF,-0.005769242406624376
drop_grp__grupo4,JJA,0.029180738142866414
drop_grp__grupo4,MAM,0.001583578505182448
drop_grp__grupo4,SON,0.0014678472788197893
ctrl__noise,DJF,-0.0015767524593808702
ctrl__noise,JJA,-0.0051588965405457545
ctrl__noise,MAM,-0.006666487423976619
ctrl__noise,SON,-0.00781358320519292
ctrl__perm_static,DJF,-0.0040995339480167205
ctrl__perm_static,JJA,0.030372208505297316
ctrl__perm_static,MAM,0.00269661073839087
ctrl__perm_static,SON,-0.004179928592318393
full_vs_base,DJF,-0.00305149557517721
full_vs_base,JJA,0.007373740869041701
full_vs_base,MAM,-0.039063327265972614
full_vs_base,SON,0.021663573420334183
real_vs_perm_static,DJF,0.00249677102495145
real_vs_perm_static,JJA,0.0021589558049766922
real_vs_perm_static,MAM,-0.002510808832823752
real_vs_perm_static,SON,0.003341767327983458
