comparison,effect,ci_lo,ci_hi,q_bh,sesoi,verdict
add_grp__grupo2,-0.00748839726994715,-0.019889585809301214,0.004912791269406916,0.30256157452015614,0.022972508982103595,sem informação
add_grp__grupo3,-0.007912186585978217,-0.019026242220334624,0.00320186904837819,0.25600669871540593,0.022972508982103595,sem informação
add_grp__grupo4,0.01801839994347043,0.011231222358996415,0.024805577527944447,1.0764996835420977e-06,0.022972508982103595,inconclusivo
drop_grp__grupo1,0.2026650841369191,0.17266278043523905,0.23266738783859917,5.687852187609025e-39,0.022972508982103595,acrescenta
drop_grp__grupo2,-0.011472165912434681,-0.024465401437207004,0.001521069612337644,0.15314206627242674,0.022972508982103595,inconclusivo
drop_grp__grupo3,-0.006817137056400401,-0.0183724082031755,0.004738134090374699,0.30256157452015614,0.022972508982103595,sem informação
drop_grp__grupo4,0.013766165285364847,0.0032432066482883815,0.024289123922441314,0.028448852321296254,0.022972508982103595,inconclusivo
ctrl__noise,-0.003947560818451823,-0.008097645105210896,0.0002025234683072502,0.13699894145045616,0.022972508982103595,sem informação
ctrl__perm_static,0.017103508177794848,0.009496041140673811,0.024710975214915887,3.8506537989078044e-05,0.022972508982103595,inconclusivo
full_vs_base,0.0011627546597127785,-0.017337512234580136,0.019663021554005695,0.9019587305218489,0.022972508982103595,sem informação
real_vs_perm_static,0.0009148917656755825,-0.0027626325537514593,0.004592416085102625,0.6884107930497043,0.022972508982103595,sem informação
