model,familia,efeito_full_vs_base,ci_lo,ci_hi,sesoi,veredito,n_tags
LSTM,LSTM,-0.2852424292333815,-0.3451239283567819,-0.2253609301099811,0.02287320044499846,prejudica,1
MLPRegressor,outros,-0.2434135461759543,-0.2985215140286186,-0.18830557832328998,0.024016850933687436,prejudica,5
LGBMRegressor,boosting,-0.0029937847402226048,-0.02953080013055196,0.02354323065010675,0.023314921180618238,inconclusivo,5
BaggingRegressor,outros,0.007857142241270853,-0.029481184620842427,0.04519546910338414,0.021997824926553368,inconclusivo,5
CatBoostRegressor,boosting,0.01567744804524418,-0.0033496590986762664,0.034704555189164626,0.022553775829960637,inconclusivo,5
HistGradientBoostingRegressor,boosting,0.028068264692582723,-0.005244633263564932,0.06138116264873038,0.024126317171456173,inconclusivo,5
SGDRegressor,outros,0.03485883644556207,-0.013982017829675744,0.08369969072079989,0.022814061940777623,inconclusivo,5
ExtraTreesRegressor,bagging,0.03638381254220775,0.010783682390682631,0.06198394269373288,0.021877601004581186,inconclusivo,5
RandomForestRegressor,bagging,0.046252479077245036,0.02324954271321678,0.0692554154412733,0.02346516707987732,inconclusivo,5
LinearRegression,outros,0.06168735247551105,0.030012978953744655,0.09336172599727743,0.0226968021458926,acrescenta,5
BayesianRidge,outros,0.06812575916095076,0.031151374817780554,0.10510014350412097,0.022705244744936494,acrescenta,5
