model,arm,season,RMSE,RMSE_P90,R2,n_seeds,n,familia,era5_rmse,ganho_sobre_era5
BaggingRegressor,base,MAM,2.1997824921681963,4.739053244518999,0.6080053359234039,5,3311,outros,2.4674177228892153,0.267635230721019
BaggingRegressor,full,MAM,2.19192535119515,4.723300586555227,0.6107942404028078,5,3311,outros,2.4674177228892153,0.27549237169406515
BayesianRidge,base,JJA,2.2705244732748966,4.892084077381732,0.6726435099399385,5,3397,outros,2.579575057224546,0.30905058394964957
BayesianRidge,full,JJA,2.2023987134311698,4.84834378471655,0.6919930826951786,5,3397,outros,2.579575057224546,0.3771763437933764
CatBoostRegressor,base,DJF,2.5210307102718894,5.661690493956581,0.3985946742958363,5,3373,boosting,2.922393717006684,0.4013630067347944
CatBoostRegressor,base,JJA,2.1412928842543404,4.859630736910761,0.7088473627169176,5,3397,boosting,2.579575057224546,0.4382821729702058
CatBoostRegressor,base,MAM,2.1137605116073575,4.605149094753446,0.6380678284825909,5,3311,boosting,2.4674177228892153,0.3536572112818579
CatBoostRegressor,base,SON,2.2217452837878624,4.668379743853812,0.6389774794014487,5,3502,boosting,2.63884738202667,0.4171020982388076
CatBoostRegressor,full,DJF,2.484822580508974,5.578344384903036,0.4157459018032186,5,3373,boosting,2.922393717006684,0.43757113649770973
CatBoostRegressor,full,JJA,2.1602863555854017,4.862487296849697,0.7036593521280725,5,3397,boosting,2.579575057224546,0.41928870163914445
CatBoostRegressor,full,MAM,2.1016766878328026,4.553334617596407,0.6421941459143876,5,3311,boosting,2.4674177228892153,0.36574103505641276
CatBoostRegressor,full,SON,2.192328235351465,4.531820404361173,0.6484744352306469,5,3502,boosting,2.63884738202667,0.4465191466752052
ExtraTreesRegressor,base,MAM,2.1144116932633006,4.681849837522331,0.6378429232613022,5,3311,bagging,2.4674177228892153,0.35300602962591476
ExtraTreesRegressor,base,SON,2.2549066098316795,4.802103021514701,0.6281179322313276,5,3502,bagging,2.63884738202667,0.38394077219499056
ExtraTreesRegressor,full,MAM,2.0959216057194623,4.644360587988244,0.644147581601753,5,3311,bagging,2.4674177228892153,0.37149611716975306
ExtraTreesRegressor,full,SON,2.202506773275688,4.69173539759001,0.6451981472543875,5,3502,bagging,2.63884738202667,0.436340608750982
HistGradientBoostingRegressor,base,DJF,2.548215922702711,5.656584579923411,0.38555438729515723,5,3373,boosting,2.922393717006684,0.3741777943039728
HistGradientBoostingRegressor,base,SON,2.2744132514601367,4.714788479295389,0.6216580357717915,5,3502,boosting,2.63884738202667,0.3644341305665333
HistGradientBoostingRegressor,full,DJF,2.5042532117896448,5.604849911680274,0.40657276205888343,5,3373,boosting,2.922393717006684,0.41814050521703905
HistGradientBoostingRegressor,full,SON,2.2633064080362866,4.60935497155517,0.625344194831849,5,3502,boosting,2.63884738202667,0.37554097399038344
LGBMRegressor,base,DJF,2.5420553137643163,5.667127304488221,0.38852178368154244,5,3373,boosting,2.922393717006684,0.38033840324236756
LGBMRegressor,base,JJA,2.161049524421987,4.875412742933986,0.7034499373951342,5,3397,boosting,2.579575057224546,0.4185255328025592
LGBMRegressor,base,SON,2.278207297359203,4.700087401640376,0.6203947261758367,5,3502,boosting,2.63884738202667,0.3606400846674669
LGBMRegressor,full,DJF,2.5103897926314622,5.644448969619418,0.4036608552090657,5,3373,boosting,2.922393717006684,0.4120039243752216
LGBMRegressor,full,JJA,2.2096375145354528,4.901060770225329,0.689965053071196,5,3397,boosting,2.579575057224546,0.3699375426890934
LGBMRegressor,full,SON,2.2758078330949076,4.646871350976511,0.621193924410024,5,3502,boosting,2.63884738202667,0.3630395489317624
LSTM,base,DJF,2.5651134626140775,6.155086483272908,0.37734601813529645,1,3362,LSTM,2.922393717006684,0.35728025439260636
LSTM,base,JJA,2.2194379291506854,5.195953283966992,0.6872087554642109,1,3397,LSTM,2.579575057224546,0.3601371280738608
LSTM,base,MAM,2.093759295121919,4.651504577658216,0.6448883964936618,1,3310,LSTM,2.4674177228892153,0.3736584277672965
LSTM,base,SON,2.2441067523752265,5.032270180587456,0.6316736535025658,1,3502,LSTM,2.63884738202667,0.3947406296514435
LSTM,full,DJF,2.7112259219772454,6.449397525674169,0.3043912665444124,1,3362,LSTM,2.922393717006684,0.2111677950294384
LSTM,full,JJA,2.5926562081237696,5.605010285199337,0.5731665516353157,1,3397,LSTM,2.579575057224546,-0.01308115089922346
LSTM,full,MAM,2.4383434628942835,5.441268320125355,0.518383764870548,1,3310,LSTM,2.4674177228892153,0.02907425999493185
LSTM,full,SON,2.5396275205074086,5.758077560598653,0.5282783494797924,1,3502,LSTM,2.63884738202667,0.09921986151926143
LinearRegression,base,JJA,2.2696802200728703,4.879895464661921,0.6728869077859295,5,3397,outros,2.579575057224546,0.3098948371516759
LinearRegression,full,JJA,2.207992857509892,4.838057147217327,0.6904264060196471,5,3397,outros,2.579575057224546,0.3715821997146542
MLPRegressor,base,DJF,2.6086145711439808,5.843781762741554,0.35608121469399345,5,3373,outros,2.922393717006684,0.31377914586270306
MLPRegressor,base,MAM,2.1706511852808688,4.612928019762057,0.6183016859957599,5,3311,outros,2.4674177228892153,0.2967665376083466
MLPRegressor,full,DJF,2.894237551046431,6.072759283366432,0.20731407820924846,5,3373,outros,2.922393717006684,0.02815616596025272
MLPRegressor,full,MAM,2.3642690558501473,4.814588745689352,0.5471319993283095,5,3311,outros,2.4674177228892153,0.103148667039068
RandomForestRegressor,base,DJF,2.5877345911607486,5.8703825802418494,0.36634833007999,5,3373,bagging,2.922393717006684,0.33465912584593527
RandomForestRegressor,base,MAM,2.111492996257437,4.6391307944769755,0.638841732564386,5,3311,bagging,2.4674177228892153,0.3559247266317782
RandomForestRegressor,base,SON,2.313068927111181,4.8553080099491615,0.6086839898358167,5,3502,bagging,2.63884738202667,0.32577845491548896
RandomForestRegressor,full,DJF,2.512491665445211,5.702580663209398,0.4026602777336561,5,3373,bagging,2.922393717006684,0.40990205156147264
RandomForestRegressor,full,MAM,2.107858998089882,4.62454370848945,0.6400851671304552,5,3311,bagging,2.4674177228892153,0.35955872479933326
RandomForestRegressor,full,SON,2.260374835795491,4.790345623880348,0.6263127766010518,5,3502,bagging,2.63884738202667,0.3784725462311789
SGDRegressor,base,JJA,2.281406197335975,4.916463790921681,0.6694974189520909,5,3397,outros,2.579575057224546,0.298168859888571
SGDRegressor,full,JJA,2.246547358912636,4.761023727837243,0.6794660449750956,5,3397,outros,2.579575057224546,0.33302769831191004
