model,familia,arm,RMSE,RMSE_P90,ganho_sobre_era5,n_trimestres,n_seeds
ExtraTreesRegressor,bagging,base,2.18465915154749,4.741976429518516,0.36847340091045266,2,5
BaggingRegressor,outros,base,2.1997824921681963,4.739053244518999,0.267635230721019,1,5
CatBoostRegressor,boosting,base,2.2494573474803623,4.94871251736865,0.4026011223064164,4,5
LinearRegression,outros,base,2.2696802200728703,4.879895464661921,0.3098948371516759,1,5
BayesianRidge,outros,base,2.2705244732748966,4.892084077381732,0.30905058394964957,1,5
LSTM,LSTM,base,2.2806043598154773,5.258703631371393,0.3714541099713018,4,1
SGDRegressor,outros,base,2.281406197335975,4.916463790921681,0.298168859888571,1,5
LGBMRegressor,boosting,base,2.3271040451818354,5.080875816354195,0.3865013402374646,3,5
RandomForestRegressor,bagging,base,2.3374321715097888,5.121607128222663,0.3387874357977341,3,5
MLPRegressor,outros,base,2.3896328782124248,5.228354891251806,0.3052728417355248,2,5
HistGradientBoostingRegressor,boosting,base,2.411314587081424,5.1856865296094,0.36930596243525304,2,5
ExtraTreesRegressor,bagging,full,2.149214189497575,4.668047992789127,0.40391836296036754,2,5
BaggingRegressor,outros,full,2.19192535119515,4.723300586555227,0.27549237169406515,1,5
BayesianRidge,outros,full,2.2023987134311698,4.84834378471655,0.3771763437933764,1,5
LinearRegression,outros,full,2.207992857509892,4.838057147217327,0.3715821997146542,1,5
CatBoostRegressor,boosting,full,2.234778464819661,4.881496675927578,0.41728000496711803,4,5
SGDRegressor,outros,full,2.246547358912636,4.761023727837243,0.33302769831191004,1,5
RandomForestRegressor,bagging,full,2.293575166443528,5.039156665193065,0.3826444408639949,3,5
LGBMRegressor,boosting,full,2.331945046753941,5.064127030273752,0.38166033866535914,3,5
HistGradientBoostingRegressor,boosting,full,2.3837798099129657,5.107102441617722,0.39684073960371125,2,5
LSTM,LSTM,full,2.570463278375677,5.813438422899378,0.08159519141110205,4,1
MLPRegressor,outros,full,2.629253303448289,5.4436740145278915,0.06565241649966036,2,5
