previsor,faixa,n,prev_media,obs_media,obs_menos_prev
ERA5 (rajada bruta),0.00-0.10,679.6,5.4211147466117735,5.921280296292022,0.5001655496802488
ERA5 (rajada bruta),0.10-0.20,679.0,6.683547479623399,7.153697490222402,0.47015001059900374
ERA5 (rajada bruta),0.20-0.30,678.9,7.5149974885444895,7.7761011346116184,0.261103646067129
ERA5 (rajada bruta),0.30-0.40,679.1,8.251321678023967,8.437238271346985,0.18591659332301802
ERA5 (rajada bruta),0.40-0.50,678.8,8.971440224069257,9.08959627870746,0.11815605463820233
ERA5 (rajada bruta),0.50-0.60,679.3,9.715348874417327,9.539817853838384,-0.17553102057894243
ERA5 (rajada bruta),0.60-0.70,679.2,10.547682518646752,10.31285839163324,-0.2348241270135123
ERA5 (rajada bruta),0.70-0.80,678.8,11.563054900906392,11.32566959536962,-0.2373853055367725
ERA5 (rajada bruta),0.80-0.90,679.1,13.014963307492662,12.677243783336005,-0.3377195241566575
ERA5 (rajada bruta),0.90-0.95,339.7,14.764887055531222,13.927363698644545,-0.8375233568866776
ERA5 (rajada bruta),0.95-0.99,271.8,17.06387783828193,15.498309080420043,-1.565568757861886
ERA5 (rajada bruta),0.99-1.00,68.2,21.642023505602,18.77482399970944,-2.867199505892561
"modelo, arm base",0.00-0.10,679.6,5.653801274796101,5.6319915606094355,-0.021809714186665552
"modelo, arm base",0.10-0.20,679.0,6.872034519652273,6.7906019615180195,-0.08143255813425387
"modelo, arm base",0.20-0.30,678.86,7.648463187323496,7.574447906433389,-0.0740152808901069
"modelo, arm base",0.30-0.40,679.14,8.317133574287762,8.290782728262219,-0.026350846025543717
"modelo, arm base",0.40-0.50,678.76,8.959632090074034,8.906108537187837,-0.05352355288619748
"modelo, arm base",0.50-0.60,679.32,9.641789464054355,9.723396746820619,0.08160728276626372
"modelo, arm base",0.60-0.70,679.16,10.430910112268656,10.55340698033121,0.12249686806255511
"modelo, arm base",0.70-0.80,678.86,11.399779785195154,11.398379757003099,-0.0014000281920552027
"modelo, arm base",0.80-0.90,679.08,12.764370020694473,12.764365550698042,-4.469996431666345e-06
"modelo, arm base",0.90-0.95,339.72,14.362489438899127,14.446514067998137,0.08402462909901054
"modelo, arm base",0.95-0.99,271.8,16.444474970176223,16.2169605174074,-0.22751445276882265
"modelo, arm base",0.99-1.00,68.2,20.304272583162874,19.29330567842139,-1.0109669047414833
"modelo, arm full",0.00-0.10,679.56,5.4154459215106785,5.601279189544496,0.18583326803381794
"modelo, arm full",0.10-0.20,679.04,6.755912761406828,6.809779809996298,0.053867048589470556
"modelo, arm full",0.20-0.30,678.88,7.589940892640193,7.569075351340166,-0.0208655413000276
"modelo, arm full",0.30-0.40,679.1,8.274262940413486,8.249220495789741,-0.02504244462374494
"modelo, arm full",0.40-0.50,678.74,8.945712744616705,8.89907023747241,-0.046642507144294854
"modelo, arm full",0.50-0.60,679.3,9.667762299647991,9.755354516607518,0.08759221695952668
"modelo, arm full",0.60-0.70,679.28,10.480459816120904,10.513705389233843,0.0332455731129393
"modelo, arm full",0.70-0.80,678.8,11.459457648021008,11.45996972281486,0.0005120747938516246
"modelo, arm full",0.80-0.90,679.08,12.85083680722247,12.802292988948318,-0.04854381827415111
"modelo, arm full",0.90-0.95,339.72,14.48318052468456,14.375715827663132,-0.10746469702142747
"modelo, arm full",0.95-0.99,271.8,16.562642285444113,16.239032933069733,-0.3236093523743797
"modelo, arm full",0.99-1.00,68.2,20.39117086200913,19.29471243118947,-1.0964584308196592
