arm,rmse,rmse_p90,bias_p90,rmse_p95,bias_p95,rmse_p99,bias_p99,pinball_90,pinball_95,pinball_99
"modelo, arm base",2.2956856695834116,4.978016241737212,-3.0058755884130175,6.430106537790917,-4.337803574170212,11.14293844542261,-9.435688598456283,0.7555421431906006,0.754518945620493,0.753700387564407
"modelo, arm full",2.290435293206971,4.943210426189273,-2.9263319406604595,6.384074194105011,-4.259437609728152,11.133131988530838,-9.354997171819782,0.7545710633543853,0.7542064994509916,0.7539148483282768
add_grp__grupo2,2.3033123634085904,4.963692011748087,-2.963797294611561,6.400633912474384,-4.281145373312699,11.07573440688504,-9.325263001208562,0.7653487690109487,0.7652101449916954,0.7650992457762931
add_grp__grupo3,2.3016778396623385,4.962779546794845,-2.9870947692946412,6.4128286890287844,-4.334056769321337,11.200606133649657,-9.493298224432678,0.7597030842762622,0.7586535499086767,0.7578139224146077
add_grp__grupo4,2.274775223372168,4.9585552760476235,-3.0038988420557375,6.408974870519552,-4.354580044455412,11.126823562458997,-9.431569242547829,0.7409999013326809,0.7395244975845563,0.7383441745860568
drop_grp__grupo1,2.506650034383182,5.2710531427707785,-3.5937167532518903,6.7278139121621106,-4.974189592705466,11.380719614600075,-9.788510611929304,0.8821782960586387,0.8833835721013571,0.8843477929355318
drop_grp__grupo2,2.2790898269577893,4.940472196650489,-2.956806977282391,6.385486048086259,-4.302021076616604,11.16733233989754,-9.448615946066248,0.7434881556433699,0.7420568390052223,0.7409117856947038
drop_grp__grupo3,2.283867716540943,4.943297598091199,-2.948369137023698,6.378890008747162,-4.271048710194168,11.076933976730858,-9.293906257864709,0.7510493214926309,0.7504884429493888,0.7500397401147952
drop_grp__grupo4,2.311700825452787,4.965160859024588,-2.960480571040959,6.408492828059886,-4.302118755653515,11.15952535317391,-9.428527582533967,0.7688590730922351,0.7686945576497322,0.7685629452957291
ctrl__noise,2.297978538734893,4.968514324410137,-2.9996906301731614,6.415677603260035,-4.3259817451961435,11.114051535900096,-9.398399564198321,0.7553115426216757,0.754073456508356,0.7530829876177003
ctrl__perm_static,2.2763055665648024,4.945937923708675,-2.968165024827692,6.389804799025755,-4.307504384810587,11.086045737130211,-9.381412339762516,0.7416182588967208,0.7401420107123728,0.7389610121648943
ERA5 (rajada bruta),2.6309095920152306,5.269563822290797,-2.971580791192569,6.713036815920138,-4.271010466263605,11.522656850415784,-9.387318527619191,0.8789747150653067,0.8750566421835265,0.8719221838781026
