comparison,dm_media_modelos,p,n_dias,dif_media_erro2,modelos_testados,modelos_p<0.05_melhor,modelos_p<0.05_pior
add_grp__grupo2,-0.05124377575432794,0.959134844419696,2864,-0.0019341650812789676,10,1,1
add_grp__grupo3,-0.10128714921700302,0.9193296096635225,2864,-0.002797014985100951,10,2,2
add_grp__grupo4,2.2167938386928334,0.02671548041398364,2864,0.03468381523937113,10,4,0
drop_grp__grupo1,13.548012255835713,1.411330863727905e-40,2864,0.8938358113826111,10,9,0
drop_grp__grupo2,-0.3270223709940519,0.7436748716958127,2864,-0.010162800481560668,10,1,2
drop_grp__grupo3,-0.34300939155653065,0.7316165776268396,2864,-0.007153252896979609,10,2,1
drop_grp__grupo4,3.0513653619150634,0.002298929951601411,2864,0.06345638751590406,10,4,0
ctrl__noise,-1.6564269213170248,0.09774497200489149,2864,-0.014471756322468929,10,0,0
ctrl__perm_static,1.13634653658281,0.25590666791456074,2864,0.01821968039459672,10,4,2
full_vs_base,0.8937156450605944,0.3715491709654292,2864,0.03393278847478827,10,6,1
real_vs_perm_static,1.6588124621276588,0.09726312311492358,2864,0.0164641348447744,10,1,1
base_vs_era5,15.062616786112706,2.1209099523027534e-49,2864,1.635460193515295,10,10,0
full_vs_era5,14.790469392015623,9.345685284284797e-48,2864,1.6693929819900835,10,10,0
