dimensao,estrato,previsor,n_linhas,n_cauda,rmse,rmse_p90,bias_p90
estação,A801,ERA5 (rajada bruta),1429.0,46.0,2.350310518096373,4.941112714843828,-2.917643258604373
estação,A801,"modelo, arm base",1429.0,46.0,1.9273356012707143,5.775868119461236,-4.667088595731269
estação,A801,"modelo, arm full",1429.0,46.0,1.9138204604446418,5.813148274558841,-4.6555170025521475
estação,A834,ERA5 (rajada bruta),797.0,157.5,2.4708668949245447,3.8819398809927206,-2.1959641308995836
estação,A834,"modelo, arm base",797.0,157.5,2.1779872935031612,3.5137057928954465,-1.94796466046237
estação,A834,"modelo, arm full",797.0,157.5,2.1871011838818517,3.4074305943489587,-1.7237810324480478
estação,A840,ERA5 (rajada bruta),1058.0,86.0,2.534751309231471,5.605625306717412,-3.7999231264991375
estação,A840,"modelo, arm base",1058.0,86.0,2.1814910180559313,5.278198561607487,-4.031695773807384
estação,A840,"modelo, arm full",1058.0,86.0,2.1559851978386537,5.123588986287814,-3.8122630240443094
estação,A878,ERA5 (rajada bruta),735.5,212.5,3.5053265190571103,5.629667569250642,-3.458355893289945
estação,A878,"modelo, arm base",735.5,212.5,3.233831234772501,4.95141563211606,-2.6579566451739125
estação,A878,"modelo, arm full",735.5,212.5,3.2314743639821204,4.850083303333964,-2.571000326476029
estação,A879,ERA5 (rajada bruta),905.0,72.5,2.3700589786319997,5.272362059705286,-1.7316230023824308
estação,A879,"modelo, arm base",905.0,72.5,2.199116725054255,5.28558949977255,-2.728314833195027
estação,A879,"modelo, arm full",905.0,72.5,2.2235138787777173,5.3748951789709345,-2.819108298392217
estação,A882,ERA5 (rajada bruta),704.5,58.0,2.7533254355198657,6.296559580203002,-4.983929900115572
estação,A882,"modelo, arm base",704.5,58.0,2.546593047680056,6.2523986142446395,-5.271958907608715
estação,A882,"modelo, arm full",704.5,58.0,2.562816360167698,6.332967258298673,-5.225856001458746
estação,A884,ERA5 (rajada bruta),654.5,15.0,2.806533580719896,6.7287917253942195,-4.51802630768882
estação,A884,"modelo, arm base",654.5,15.0,1.9710042252508038,7.131353313192905,-6.137854251702558
estação,A884,"modelo, arm full",654.5,15.0,1.8837619706802338,7.3522196824832475,-6.354291454752286
estação,A893,ERA5 (rajada bruta),389.0,30.0,2.0509635858246242,3.844946273415719,-1.9119370133914642
estação,A893,"modelo, arm base",389.0,30.0,1.8974189078461603,4.107926793517578,-2.895134795759572
estação,A893,"modelo, arm full",389.0,30.0,1.9194779275664573,4.161762867452835,-2.7228278929139758
estação,B807,ERA5 (rajada bruta),119.0,6.0,2.306681685075708,6.912737688432884,-4.159548593097264
estação,B807,"modelo, arm base",119.0,6.0,2.132925384386465,7.234993876498014,-5.579963882399929
estação,B807,"modelo, arm full",119.0,6.0,2.1251045542390687,6.731918238501889,-4.956261267264684
trimestre,DJF,ERA5 (rajada bruta),3373.0,310.0,2.9223937170066834,6.696865157839435,-4.996387832395493
trimestre,DJF,"modelo, arm base",3373.0,310.0,2.5615302212836055,5.950285843872127,-4.419359204580316
trimestre,DJF,"modelo, arm full",3373.0,310.0,2.5812389624151155,5.919212358867976,-4.274205800876734
trimestre,JJA,ERA5 (rajada bruta),3397.0,307.0,2.5795750572245466,5.143279716541529,-2.237955321395824
trimestre,JJA,"modelo, arm base",3397.0,307.0,2.224790659882257,5.130640003353395,-2.822703049559213
trimestre,JJA,"modelo, arm full",3397.0,307.0,2.2053725599043776,5.086616507518565,-2.769919606944943
trimestre,MAM,ERA5 (rajada bruta),3311.0,259.0,2.4674177228892153,5.301536485198858,-3.111266428531367
trimestre,MAM,"modelo, arm base",3311.0,259.0,2.1420197763911566,5.123156707209712,-3.243667832013798
trimestre,MAM,"modelo, arm full",3311.0,259.0,2.172330339372976,5.145860664687466,-3.192669279627991
trimestre,SON,ERA5 (rajada bruta),3502.0,491.0,2.63884738202667,4.663710038677722,-2.8821215755827807
trimestre,SON,"modelo, arm base",3502.0,491.0,2.268468274149634,4.22036775978441,-2.5206173341668756
trimestre,SON,"modelo, arm full",3502.0,491.0,2.2388648171377765,4.152629446685178,-2.4271790613722657
regime,R1,ERA5 (rajada bruta),3035.5,224.5,2.4896511535074484,6.4291071310589984,-4.551323663002349
regime,R1,"modelo, arm base",3035.5,224.5,2.2017925614029643,5.920253659968247,-3.7432955261063174
regime,R1,"modelo, arm full",3035.5,224.5,2.1920307547742777,5.995102773849769,-3.8181589344873226
regime,R2,ERA5 (rajada bruta),2258.0,95.5,2.0145321887046728,5.117406419421585,-3.152068088861788
regime,R2,"modelo, arm base",2258.0,95.5,1.7722985039168646,4.923092907050617,-3.118984248733125
regime,R2,"modelo, arm full",2258.0,95.5,1.768287660531708,4.945942237617043,-3.1005595312203282
regime,R3,ERA5 (rajada bruta),948.2857142857143,165.0,3.803631242276848,7.427480647795523,-5.787099984673588
regime,R3,"modelo, arm base",948.2857142857143,165.0,3.3964454176650483,6.658249979317215,-5.126636451162929
regime,R3,"modelo, arm full",948.2857142857143,165.0,3.4028027206535936,6.379691046959508,-4.589295395325895
regime,R4,ERA5 (rajada bruta),831.5,248.0,3.440016480350854,3.745710531002974,-1.323917490848776
regime,R4,"modelo, arm base",831.5,248.0,2.8797688036643923,3.8497973078245655,-2.1749819991819077
regime,R4,"modelo, arm full",831.5,248.0,2.8966442016271294,3.8608423091144637,-2.1242620828709047
evento,dentro de evento,ERA5 (rajada bruta),1058.0,431.0,4.046118686201558,5.027225073964516,-2.678049626285828
evento,dentro de evento,"modelo, arm base",1058.0,431.0,3.610812182165866,4.855932805983427,-3.01384859973517
evento,dentro de evento,"modelo, arm full",1058.0,431.0,3.6077512763160695,4.833296716386759,-2.945027065742077
evento,fora de evento,ERA5 (rajada bruta),5733.5,252.5,2.2848822910331985,5.587319868721628,-3.6037797103365374
evento,fora de evento,"modelo, arm base",5733.5,252.5,1.967455866359468,5.202542149569459,-3.135063448198798
evento,fora de evento,"modelo, arm full",5733.5,252.5,1.9611034769696483,5.149282192698433,-3.052123015336921
