inicio,fim,dias,estacoes_acima_P90,estacao_do_pico,obs_max_m/s,ERA5_m/s,modelo_base_m/s,modelo_full_m/s
2024-01-17,2024-01-17,1,6,A882,35.2,9.171600341796875,9.529921722412107,8.860507965087889
2022-07-16,2022-07-17,2,7,A879,34.1,22.784915924072266,18.71380672454835,18.040563774108893
2016-01-30,2016-01-30,1,3,A801,33.2,8.742820739746094,9.34727142333984,8.68194297790527
2024-01-07,2024-01-07,1,3,A893,32.2,9.534350395202637,12.191606826782222,12.073421096801754
2019-07-05,2019-07-06,2,6,A878,31.6,28.403934478759766,23.97615837097169,23.98010640144349
2017-10-12,2017-10-13,2,2,A834,30.6,13.562894821166992,12.447836151123049,12.82155944824219
2010-07-12,2010-07-12,1,4,A834,29.4,12.201878547668457,9.643939056396487,9.185234832763676
2020-04-02,2020-04-03,2,5,A878,29.3,25.991256713867188,22.840881414413456,23.012740991115574
2023-07-12,2023-07-13,2,9,A879,27.1,20.835914611816406,17.85492206573487,18.708017692565928
2019-10-27,2019-10-31,5,8,A879,26.8,12.292876243591309,11.990887222290043,11.611011695861821
2016-10-25,2016-10-28,4,7,A878,26.5,32.12803268432617,23.52696888446808,23.24907636165619
2015-01-08,2015-01-09,2,7,A878,26.5,8.841914176940918,14.167077407836913,14.163722038269043
2017-10-19,2017-10-19,1,7,A840,26.3,13.696321487426758,15.735806350708014,15.918325462341315
2016-04-06,2016-04-06,1,6,A878,25.7,7.675149917602539,9.938771629333491,9.37478206634521
2015-07-13,2015-07-14,2,5,A840,25.7,20.184551239013672,15.615865669250482,17.222979507446283
