limiar,valor_m/s,previsor,pod,far,csi,freq_bias,n_obs_exc,n_prev_exc
P90,14.7,ERA5 (rajada bruta),0.45797114375377324,0.42106784615600723,0.3414807605976597,0.7923422358627515,683.5,510.5
P90,14.7,"modelo, arm base",0.4584066987078397,0.3033644639219033,0.38300134087849025,0.6563850292323926,683.5,446.24
P90,14.7,"modelo, arm full",0.4804508924104137,0.3070546260387222,0.3954359533023326,0.6971812677632472,683.5,471.94
P95,16.8,ERA5 (rajada bruta),0.3450489790062926,0.4948951763908855,0.2531362919044889,0.684201909597327,340.5,202.5
P95,16.8,"modelo, arm base",0.31928876255638816,0.338835251805275,0.2730603557952648,0.4835026145918575,340.5,151.96
P95,16.8,"modelo, arm full",0.33727837882134176,0.34883419229138435,0.2849409159522373,0.5216399375106133,340.5,165.0
P99,21.4,ERA5 (rajada bruta),0.15169607320783185,0.6238368518138963,0.11987904395685443,0.4135482238117,69.0,25.5
P99,21.4,"modelo, arm base",0.10077800170118283,0.4361632256632257,0.09201019627741998,0.1910884459624875,69.0,10.88
P99,21.4,"modelo, arm full",0.09777760266193081,0.527727072214288,0.08626127278625191,0.21804088260822652,69.0,12.88
